YEAR,QUARTER,GEOGRAPHY,MARKET,UT15_NAME,TRANSACTIONAL_ADJUSTMENT,WEEK,CALL,NET_CALL
2023,4,APAC,ASEAN Market,Automation Platform,0.0,1.0,24948095.27,24948095.27
2023,4,APAC,ASEAN Market,Automation Platform,0.0,2.0,29097691.16,29097691.16
2023,4,APAC,ASEAN Market,Automation Platform,0.0,3.0,27686920.99,27686920.99
2023,4,APAC,ASEAN Market,Automation Platform,0.0,4.0,25866475.34,25866475.34
2023,4,APAC,ASEAN Market,Automation Platform,0.0,5.0,25313898.18,25313898.18
2023,4,APAC,ASEAN Market,Automation Platform,0.0,6.0,21737989.78,21737989.78
2023,4,APAC,ASEAN Market,Automation Platform,0.0,7.0,22306837.09,22306837.09
2023,4,APAC,ASEAN Market,Automation Platform,0.0,8.0,22078273.81,22078273.81
2023,4,APAC,ASEAN Market,Automation Platform,0.0,9.0,20169231.53,20169231.53
2023,4,APAC,ASEAN Market,Automation Platform,0.0,10.0,20076206.12,20076206.12
2023,4,APAC,ASEAN Market,Automation Platform,0.0,11.0,23387186.78,23387186.78
2023,4,APAC,ASEAN Market,Automation Platform,0.0,12.0,24396735.84,24396735.84
2023,4,APAC,ASEAN Market,Automation Platform,0.0,13.0,25106496.89,25106496.89
2023,4,APAC,ASEAN Market,Automation Platform,0.0,14.0,24368419.11,24368419.11
2023,4,APAC,ASEAN Market,Automation Platform,0.0,15.0,24368419.11,24368419.11
2023,4,APAC,ASEAN Market,Data Platform,0.0,1.0,23054085.98,23054085.98
2023,4,APAC,ASEAN Market,Data Platform,0.0,2.0,23466401.96,23466401.96
2023,4,APAC,ASEAN Market,Data Platform,0.0,3.0,23137636.12,23137636.12
2023,4,APAC,ASEAN Market,Data Platform,0.0,4.0,21527567.42,21527567.42
2023,4,APAC,ASEAN Market,Data Platform,0.0,5.0,18270343.31,18270343.31
2023,4,APAC,ASEAN Market,Data Platform,0.0,6.0,16604345.24,16604345.24
2023,4,APAC,ASEAN Market,Data Platform,0.0,7.0,16864507.52,16864507.52
2023,4,APAC,ASEAN Market,Data Platform,0.0,8.0,16175722.9,16175722.9
2023,4,APAC,ASEAN Market,Data Platform,0.0,9.0,13550960.27,13550960.27
2023,4,APAC,ASEAN Market,Data Platform,0.0,10.0,13859139.58,13859139.58
2023,4,APAC,ASEAN Market,Data Platform,0.0,11.0,13790140.55,13790140.55
2023,4,APAC,ASEAN Market,Data Platform,0.0,12.0,13041081.76,13041081.76
2023,4,APAC,ASEAN Market,Data Platform,0.0,13.0,12857002.01,12857002.01
2023,4,APAC,ASEAN Market,Data Platform,0.0,14.0,12899753.620000001,12899753.620000001
2023,4,APAC,ASEAN Market,Data Platform,0.0,15.0,12926836.95,12926836.95
2023,4,APAC,ASEAN Market,Storage TPS,0.0,1.0,1482947.28,1482947.28
2023,4,APAC,ASEAN Market,Storage TPS,0.0,2.0,1122947.28,1122947.28
2023,4,APAC,ASEAN Market,Storage TPS,0.0,3.0,1174845.28,1174845.28
2023,4,APAC,ASEAN Market,Storage TPS,0.0,4.0,1562947.28,1562947.28
2023,4,APAC,ASEAN Market,Storage TPS,0.0,5.0,1587947.28,1587947.28
2023,4,APAC,ASEAN Market,Storage TPS,0.0,6.0,1567947.28,1567947.28
2023,4,APAC,ASEAN Market,Storage TPS,0.0,7.0,1584947.28,1584947.28
2023,4,APAC,ASEAN Market,Storage TPS,0.0,8.0,1593147.28,1593147.28
2023,4,APAC,ASEAN Market,Storage TPS,0.0,9.0,1640433.0,1640433.0
2023,4,APAC,ASEAN Market,Storage TPS,0.0,10.0,1759816.28,1759816.28
2023,4,APAC,ASEAN Market,Storage TPS,0.0,11.0,2008816.28,2008816.28
2023,4,APAC,ASEAN Market,Storage TPS,0.0,12.0,1703346.28,1703346.28
2023,4,APAC,ASEAN Market,Storage TPS,0.0,13.0,2060346.28,2060346.28
2023,4,APAC,ASEAN Market,Storage TPS,0.0,14.0,2073339.72,2073339.72
2023,4,APAC,ASEAN Market,Storage TPS,0.0,15.0,2073339.72,2073339.72
2023,4,APAC,ASEAN Market,Z TPS,0.0,1.0,17639000.0,17639000.0
2023,4,APAC,ASEAN Market,Z TPS,0.0,2.0,18208000.0,18208000.0
2023,4,APAC,ASEAN Market,Z TPS,0.0,3.0,18258000.0,18258000.0
2023,4,APAC,ASEAN Market,Z TPS,0.0,4.0,15253430.11,15253430.11
2023,4,APAC,ASEAN Market,Z TPS,0.0,5.0,14823430.11,14823430.11
2023,4,APAC,ASEAN Market,Z TPS,0.0,6.0,14602771.11,14602771.11
2023,4,APAC,ASEAN Market,Z TPS,0.0,7.0,14602771.11,14602771.11
2023,4,APAC,ASEAN Market,Z TPS,0.0,8.0,15334771.11,15334771.11
2023,4,APAC,ASEAN Market,Z TPS,0.0,9.0,15795160.11,15795160.11
2023,4,APAC,ASEAN Market,Z TPS,0.0,10.0,15222160.11,15222160.11
2023,4,APAC,ASEAN Market,Z TPS,0.0,11.0,12892160.11,12892160.11
2023,4,APAC,ASEAN Market,Z TPS,0.0,12.0,12320404.11,12320404.11
2023,4,APAC,ASEAN Market,Z TPS,0.0,13.0,15502257.55,15502257.55
2023,4,APAC,ASEAN Market,Z TPS,0.0,14.0,15502257.55,15502257.55
2023,4,APAC,ASEAN Market,Z TPS,0.0,15.0,15502257.55,15502257.55
2023,4,APAC,Australia/New Zealand Market,Automation Platform,0.0,1.0,26302977.76,26302977.76
2023,4,APAC,Australia/New Zealand Market,Automation Platform,0.0,2.0,29652527.82,29652527.82
2023,4,APAC,Australia/New Zealand Market,Automation Platform,0.0,3.0,29207588.810000002,29207588.810000002
2023,4,APAC,Australia/New Zealand Market,Automation Platform,0.0,4.0,22986416.81,22986416.81
2023,4,APAC,Australia/New Zealand Market,Automation Platform,0.0,5.0,21687142.53,21687142.53
2023,4,APAC,Australia/New Zealand Market,Automation Platform,0.0,6.0,19670240.3,19670240.3
2023,4,APAC,Australia/New Zealand Market,Automation Platform,0.0,7.0,18341676.39,18341676.39
2023,4,APAC,Australia/New Zealand Market,Automation Platform,0.0,8.0,15683287.93,15683287.93
2023,4,APAC,Australia/New Zealand Market,Automation Platform,0.0,9.0,12552253.6,12552253.6
2023,4,APAC,Australia/New Zealand Market,Automation Platform,0.0,10.0,14532674.48,14532674.48
2023,4,APAC,Australia/New Zealand Market,Automation Platform,0.0,11.0,16400227.84,16400227.84
2023,4,APAC,Australia/New Zealand Market,Automation Platform,0.0,12.0,19551900.39,19551900.39
2023,4,APAC,Australia/New Zealand Market,Automation Platform,0.0,13.0,20477686.9,20477686.9
2023,4,APAC,Australia/New Zealand Market,Automation Platform,0.0,14.0,20868765.18,20868765.18
2023,4,APAC,Australia/New Zealand Market,Automation Platform,0.0,15.0,20868765.18,20868765.18
2023,4,APAC,Australia/New Zealand Market,Data Platform,0.0,1.0,21801189.42,21801189.42
2023,4,APAC,Australia/New Zealand Market,Data Platform,0.0,2.0,23490831.59,23490831.59
2023,4,APAC,Australia/New Zealand Market,Data Platform,0.0,3.0,21604730.63,21604730.63
2023,4,APAC,Australia/New Zealand Market,Data Platform,0.0,4.0,16603927.36,16603927.36
2023,4,APAC,Australia/New Zealand Market,Data Platform,0.0,5.0,14886203.51,14886203.51
2023,4,APAC,Australia/New Zealand Market,Data Platform,0.0,6.0,15481632.78,15481632.78
2023,4,APAC,Australia/New Zealand Market,Data Platform,0.0,7.0,16090345.49,16090345.49
2023,4,APAC,Australia/New Zealand Market,Data Platform,0.0,8.0,16896790.87,16896790.87
2023,4,APAC,Australia/New Zealand Market,Data Platform,0.0,9.0,22009020.23,22009020.23
2023,4,APAC,Australia/New Zealand Market,Data Platform,0.0,10.0,19317671.93,19317671.93
2023,4,APAC,Australia/New Zealand Market,Data Platform,0.0,11.0,19215124.509999998,19215124.509999998
2023,4,APAC,Australia/New Zealand Market,Data Platform,0.0,12.0,20517000.57,20517000.57
2023,4,APAC,Australia/New Zealand Market,Data Platform,0.0,13.0,18098833.21,18098833.21
2023,4,APAC,Australia/New Zealand Market,Data Platform,0.0,14.0,18098833.21,18098833.21
2023,4,APAC,Australia/New Zealand Market,Data Platform,0.0,15.0,18098833.21,18098833.21
2023,4,APAC,Australia/New Zealand Market,Security Software,0.0,1.0,400000.0,400000.0
2023,4,APAC,Australia/New Zealand Market,Security Software,0.0,2.0,400000.0,400000.0
2023,4,APAC,Australia/New Zealand Market,Security Software,0.0,3.0,400000.0,400000.0
2023,4,APAC,Australia/New Zealand Market,Security Software,0.0,4.0,400000.0,400000.0
2023,4,APAC,Australia/New Zealand Market,Security Software,0.0,5.0,850000.0,850000.0
2023,4,APAC,Australia/New Zealand Market,Security Software,0.0,6.0,850000.0,850000.0
2023,4,APAC,Australia/New Zealand Market,Storage TPS,0.0,1.0,2470000.0,2470000.0
2023,4,APAC,Australia/New Zealand Market,Storage TPS,0.0,2.0,3515600.06,3515600.06
2023,4,APAC,Australia/New Zealand Market,Storage TPS,0.0,3.0,3112600.06,3112600.06
2023,4,APAC,Australia/New Zealand Market,Storage TPS,0.0,4.0,3042600.06,3042600.06
2023,4,APAC,Australia/New Zealand Market,Storage TPS,0.0,5.0,3482635.06,3482635.06
2023,4,APAC,Australia/New Zealand Market,Storage TPS,0.0,6.0,3932635.0599999996,3932635.0599999996
2023,4,APAC,Australia/New Zealand Market,Storage TPS,0.0,7.0,3582635.0599999996,3582635.0599999996
2023,4,APAC,Australia/New Zealand Market,Storage TPS,0.0,8.0,3637635.07,3637635.07
2023,4,APAC,Australia/New Zealand Market,Storage TPS,0.0,9.0,3900645.07,3900645.07
2023,4,APAC,Australia/New Zealand Market,Storage TPS,0.0,10.0,3756777.96,3756777.96
2023,4,APAC,Australia/New Zealand Market,Storage TPS,0.0,11.0,2905007.02,2905007.02
2023,4,APAC,Australia/New Zealand Market,Storage TPS,0.0,12.0,2949360.02,2949360.02
2023,4,APAC,Australia/New Zealand Market,Storage TPS,0.0,13.0,3137673.02,3137673.02
2023,4,APAC,Australia/New Zealand Market,Storage TPS,0.0,14.0,3137673.02,3137673.02
2023,4,APAC,Australia/New Zealand Market,Storage TPS,0.0,15.0,3137673.02,3137673.02
2023,4,APAC,Australia/New Zealand Market,Talent Management Solutions,0.0,1.0,0.0,0.0
2023,4,APAC,Australia/New Zealand Market,Talent Management Solutions,0.0,2.0,0.0,0.0
2023,4,APAC,Australia/New Zealand Market,Talent Management Solutions,0.0,3.0,0.0,0.0
2023,4,APAC,Australia/New Zealand Market,Z TPS,0.0,1.0,21580341.71,21580341.71
2023,4,APAC,Australia/New Zealand Market,Z TPS,0.0,2.0,22700341.79,22700341.79
2023,4,APAC,Australia/New Zealand Market,Z TPS,0.0,3.0,14667701.75,14667701.75
2023,4,APAC,Australia/New Zealand Market,Z TPS,0.0,4.0,11090622.209999999,11090622.209999999
2023,4,APAC,Australia/New Zealand Market,Z TPS,0.0,5.0,11315412.209999999,11315412.209999999
2023,4,APAC,Australia/New Zealand Market,Z TPS,0.0,6.0,9815412.209999999,9815412.209999999
2023,4,APAC,Australia/New Zealand Market,Z TPS,0.0,7.0,12711412.709999999,12711412.709999999
2023,4,APAC,Australia/New Zealand Market,Z TPS,0.0,8.0,12402286.209999999,12402286.209999999
2023,4,APAC,Australia/New Zealand Market,Z TPS,0.0,9.0,16813271.4,16813271.4
2023,4,APAC,Australia/New Zealand Market,Z TPS,0.0,10.0,17626936.1,17626936.1
2023,4,APAC,Australia/New Zealand Market,Z TPS,0.0,11.0,14131950.57,14131950.57
2023,4,APAC,Australia/New Zealand Market,Z TPS,0.0,12.0,18060627.28,18060627.28
2023,4,APAC,Australia/New Zealand Market,Z TPS,0.0,13.0,18767671.28,18767671.28
2023,4,APAC,Australia/New Zealand Market,Z TPS,0.0,14.0,18767671.28,18767671.28
2023,4,APAC,Australia/New Zealand Market,Z TPS,0.0,15.0,18767671.28,18767671.28
2023,4,APAC,Greater China Group Market,Automation Platform,0.0,1.0,17582175.29,17582175.29
2023,4,APAC,Greater China Group Market,Automation Platform,0.0,2.0,17659873.58,17659873.58
2023,4,APAC,Greater China Group Market,Automation Platform,0.0,3.0,17308773.06,17308773.06
2023,4,APAC,Greater China Group Market,Automation Platform,0.0,4.0,9947633.06,9947633.06
2023,4,APAC,Greater China Group Market,Automation Platform,0.0,5.0,11939181.66,11939181.66
2023,4,APAC,Greater China Group Market,Automation Platform,0.0,6.0,13059700.23,13059700.23
2023,4,APAC,Greater China Group Market,Automation Platform,0.0,7.0,10204500.23,10204500.23
2023,4,APAC,Greater China Group Market,Automation Platform,0.0,8.0,9792736.23,9792736.23
2023,4,APAC,Greater China Group Market,Automation Platform,0.0,9.0,10306736.23,10306736.23
2023,4,APAC,Greater China Group Market,Automation Platform,0.0,10.0,10143532.35,10143532.35
2023,4,APAC,Greater China Group Market,Automation Platform,0.0,11.0,11833656.2,11833656.2
2023,4,APAC,Greater China Group Market,Automation Platform,0.0,12.0,13107846.44,13107846.44
2023,4,APAC,Greater China Group Market,Automation Platform,0.0,13.0,12966887.879999999,12966887.879999999
2023,4,APAC,Greater China Group Market,Automation Platform,0.0,14.0,13005357.370000001,13005357.370000001
2023,4,APAC,Greater China Group Market,Automation Platform,0.0,15.0,12928342.43,12928342.43
2023,4,APAC,Greater China Group Market,Data Platform,0.0,1.0,10666790.25,10666790.25
2023,4,APAC,Greater China Group Market,Data Platform,0.0,2.0,9732354.47,9732354.47
2023,4,APAC,Greater China Group Market,Data Platform,0.0,3.0,9365048.28,9365048.28
2023,4,APAC,Greater China Group Market,Data Platform,0.0,4.0,8400208.22,8400208.22
2023,4,APAC,Greater China Group Market,Data Platform,0.0,5.0,6529664.18,6529664.18
2023,4,APAC,Greater China Group Market,Data Platform,0.0,6.0,6431853.75,6431853.75
2023,4,APAC,Greater China Group Market,Data Platform,0.0,7.0,6607925.7,6607925.7
2023,4,APAC,Greater China Group Market,Data Platform,0.0,8.0,6372612.83,6372612.83
2023,4,APAC,Greater China Group Market,Data Platform,0.0,9.0,5721343.57,5721343.57
2023,4,APAC,Greater China Group Market,Data Platform,0.0,10.0,5693826.2,5693826.2
2023,4,APAC,Greater China Group Market,Data Platform,0.0,11.0,6036334.6,6036334.6
2023,4,APAC,Greater China Group Market,Data Platform,0.0,12.0,8092046.95,8092046.95
2023,4,APAC,Greater China Group Market,Data Platform,0.0,13.0,8306196.63,8306196.63
2023,4,APAC,Greater China Group Market,Data Platform,0.0,14.0,8220349.07,8220349.07
2023,4,APAC,Greater China Group Market,Data Platform,0.0,15.0,8168349.07,8168349.07
2023,4,APAC,Greater China Group Market,Power TPS,0.0,10.0,9300.0,9300.0
2023,4,APAC,Greater China Group Market,Power TPS,0.0,11.0,9300.0,9300.0
2023,4,APAC,Greater China Group Market,Power TPS,0.0,12.0,9300.0,9300.0
2023,4,APAC,Greater China Group Market,Public Cloud Platform,0.0,1.0,0.0,0.0
2023,4,APAC,Greater China Group Market,Public Cloud Platform,0.0,2.0,0.0,0.0
2023,4,APAC,Greater China Group Market,Public Cloud Platform,0.0,3.0,0.0,0.0
2023,4,APAC,Greater China Group Market,Public Cloud Platform,0.0,4.0,0.0,0.0
2023,4,APAC,Greater China Group Market,Public Cloud Platform,0.0,5.0,0.0,0.0
2023,4,APAC,Greater China Group Market,Public Cloud Platform,0.0,6.0,0.0,0.0
2023,4,APAC,Greater China Group Market,Public Cloud Platform,0.0,7.0,0.0,0.0
2023,4,APAC,Greater China Group Market,Public Cloud Platform,0.0,8.0,0.0,0.0
2023,4,APAC,Greater China Group Market,Public Cloud Platform,0.0,9.0,0.0,0.0
2023,4,APAC,Greater China Group Market,Public Cloud Platform,0.0,10.0,0.0,0.0
2023,4,APAC,Greater China Group Market,Public Cloud Platform,0.0,11.0,0.0,0.0
2023,4,APAC,Greater China Group Market,Public Cloud Platform,0.0,12.0,0.0,0.0
2023,4,APAC,Greater China Group Market,Public Cloud Platform,0.0,13.0,0.0,0.0
2023,4,APAC,Greater China Group Market,Public Cloud Platform,0.0,14.0,4625.46,4625.46
2023,4,APAC,Greater China Group Market,Public Cloud Platform,0.0,15.0,4625.46,4625.46
2023,4,APAC,Greater China Group Market,Storage TPS,0.0,1.0,685000.0,685000.0
2023,4,APAC,Greater China Group Market,Storage TPS,0.0,2.0,1228000.0,1228000.0
2023,4,APAC,Greater China Group Market,Storage TPS,0.0,3.0,1228000.0,1228000.0
2023,4,APAC,Greater China Group Market,Storage TPS,0.0,4.0,1260000.0,1260000.0
2023,4,APAC,Greater China Group Market,Storage TPS,0.0,5.0,1290000.0,1290000.0
2023,4,APAC,Greater China Group Market,Storage TPS,0.0,6.0,1701000.0,1701000.0
2023,4,APAC,Greater China Group Market,Storage TPS,0.0,7.0,1509000.0,1509000.0
2023,4,APAC,Greater China Group Market,Storage TPS,0.0,8.0,1489000.0,1489000.0
2023,4,APAC,Greater China Group Market,Storage TPS,0.0,9.0,1216000.0,1216000.0
2023,4,APAC,Greater China Group Market,Storage TPS,0.0,10.0,1211000.0,1211000.0
2023,4,APAC,Greater China Group Market,Storage TPS,0.0,11.0,1323000.0,1323000.0
2023,4,APAC,Greater China Group Market,Storage TPS,0.0,12.0,1222000.0,1222000.0
2023,4,APAC,Greater China Group Market,Storage TPS,0.0,13.0,1651000.0,1651000.0
2023,4,APAC,Greater China Group Market,Storage TPS,0.0,14.0,1681000.0,1681000.0
2023,4,APAC,Greater China Group Market,Storage TPS,0.0,15.0,1681000.0,1681000.0
2023,4,APAC,Greater China Group Market,Z TPS,0.0,1.0,21169000.0,21169000.0
2023,4,APAC,Greater China Group Market,Z TPS,0.0,2.0,21169000.0,21169000.0
2023,4,APAC,Greater China Group Market,Z TPS,0.0,3.0,21169000.0,21169000.0
2023,4,APAC,Greater China Group Market,Z TPS,0.0,4.0,20704000.0,20704000.0
2023,4,APAC,Greater China Group Market,Z TPS,0.0,5.0,20732000.0,20732000.0
2023,4,APAC,Greater China Group Market,Z TPS,0.0,6.0,20732000.0,20732000.0
2023,4,APAC,Greater China Group Market,Z TPS,0.0,7.0,21462000.0,21462000.0
2023,4,APAC,Greater China Group Market,Z TPS,0.0,8.0,22302000.0,22302000.0
2023,4,APAC,Greater China Group Market,Z TPS,0.0,9.0,22980088.0,22980088.0
2023,4,APAC,Greater China Group Market,Z TPS,0.0,10.0,22980088.0,22980088.0
2023,4,APAC,Greater China Group Market,Z TPS,0.0,11.0,24204129.23,24204129.23
2023,4,APAC,Greater China Group Market,Z TPS,0.0,12.0,21858160.23,21858160.23
2023,4,APAC,Greater China Group Market,Z TPS,0.0,13.0,21939927.23,21939927.23
2023,4,APAC,Greater China Group Market,Z TPS,0.0,14.0,21939927.23,21939927.23
2023,4,APAC,Greater China Group Market,Z TPS,0.0,15.0,21939927.23,21939927.23
2023,4,APAC,India/South Asia Market,Automation Platform,0.0,1.0,15372357.280000001,15372357.280000001
2023,4,APAC,India/South Asia Market,Automation Platform,0.0,2.0,15181631.89,15181631.89
2023,4,APAC,India/South Asia Market,Automation Platform,0.0,3.0,15363096.15,15363096.15
2023,4,APAC,India/South Asia Market,Automation Platform,0.0,4.0,15321443.99,15321443.99
2023,4,APAC,India/South Asia Market,Automation Platform,0.0,5.0,15539789.040000001,15539789.040000001
2023,4,APAC,India/South Asia Market,Automation Platform,0.0,6.0,14820088.96,14820088.96
2023,4,APAC,India/South Asia Market,Automation Platform,0.0,7.0,14805250.120000001,14805250.120000001
2023,4,APAC,India/South Asia Market,Automation Platform,0.0,8.0,13669750.42,13669750.42
2023,4,APAC,India/South Asia Market,Automation Platform,0.0,9.0,18594489.4,18594489.4
2023,4,APAC,India/South Asia Market,Automation Platform,0.0,10.0,18379183.58,18379183.58
2023,4,APAC,India/South Asia Market,Automation Platform,0.0,11.0,15092906.77,15092906.77
2023,4,APAC,India/South Asia Market,Automation Platform,0.0,12.0,14881214.94,14881214.94
2023,4,APAC,India/South Asia Market,Automation Platform,0.0,13.0,12337770.01,12337770.01
2023,4,APAC,India/South Asia Market,Automation Platform,0.0,14.0,12334155.5,12334155.5
2023,4,APAC,India/South Asia Market,Automation Platform,0.0,15.0,12334155.5,12334155.5
2023,4,APAC,India/South Asia Market,Data Platform,0.0,1.0,5217028.9,5217028.9
2023,4,APAC,India/South Asia Market,Data Platform,0.0,2.0,5482223.37,5482223.37
2023,4,APAC,India/South Asia Market,Data Platform,0.0,3.0,5174092.0,5174092.0
2023,4,APAC,India/South Asia Market,Data Platform,0.0,4.0,5073217.53,5073217.53
2023,4,APAC,India/South Asia Market,Data Platform,0.0,5.0,5185871.62,5185871.62
2023,4,APAC,India/South Asia Market,Data Platform,0.0,6.0,5744056.86,5744056.86
2023,4,APAC,India/South Asia Market,Data Platform,0.0,7.0,5878413.37,5878413.37
2023,4,APAC,India/South Asia Market,Data Platform,0.0,8.0,5228220.6,5228220.6
2023,4,APAC,India/South Asia Market,Data Platform,0.0,9.0,4213830.97,4213830.97
2023,4,APAC,India/South Asia Market,Data Platform,0.0,10.0,4337426.39,4337426.39
2023,4,APAC,India/South Asia Market,Data Platform,0.0,11.0,4623801.4399999995,4623801.4399999995
2023,4,APAC,India/South Asia Market,Data Platform,0.0,12.0,4426922.2,4426922.2
2023,4,APAC,India/South Asia Market,Data Platform,0.0,13.0,5728398.52,5728398.52
2023,4,APAC,India/South Asia Market,Data Platform,0.0,14.0,5847854.37,5847854.37
2023,4,APAC,India/South Asia Market,Data Platform,0.0,15.0,5847854.37,5847854.37
2023,4,APAC,India/South Asia Market,Public Cloud Platform,0.0,1.0,0.0,0.0
2023,4,APAC,India/South Asia Market,Public Cloud Platform,0.0,2.0,0.0,0.0
2023,4,APAC,India/South Asia Market,Public Cloud Platform,0.0,3.0,0.0,0.0
2023,4,APAC,India/South Asia Market,Public Cloud Platform,0.0,4.0,0.0,0.0
2023,4,APAC,India/South Asia Market,Public Cloud Platform,0.0,5.0,0.0,0.0
2023,4,APAC,India/South Asia Market,Public Cloud Platform,0.0,6.0,0.0,0.0
2023,4,APAC,India/South Asia Market,Public Cloud Platform,0.0,7.0,0.0,0.0
2023,4,APAC,India/South Asia Market,Public Cloud Platform,0.0,8.0,0.0,0.0
2023,4,APAC,India/South Asia Market,Public Cloud Platform,0.0,9.0,0.0,0.0
2023,4,APAC,India/South Asia Market,Public Cloud Platform,0.0,10.0,0.0,0.0
2023,4,APAC,India/South Asia Market,Public Cloud Platform,0.0,11.0,0.0,0.0
2023,4,APAC,India/South Asia Market,Public Cloud Platform,0.0,12.0,0.0,0.0
2023,4,APAC,India/South Asia Market,Public Cloud Platform,0.0,13.0,0.0,0.0
2023,4,APAC,India/South Asia Market,Public Cloud Platform,0.0,14.0,0.0,0.0
2023,4,APAC,India/South Asia Market,Public Cloud Platform,0.0,15.0,0.0,0.0
2023,4,APAC,India/South Asia Market,Storage TPS,0.0,1.0,690793.46,690793.46
2023,4,APAC,India/South Asia Market,Storage TPS,0.0,2.0,690793.46,690793.46
2023,4,APAC,India/South Asia Market,Storage TPS,0.0,3.0,798711.12,798711.12
2023,4,APAC,India/South Asia Market,Storage TPS,0.0,4.0,798711.12,798711.12
2023,4,APAC,India/South Asia Market,Storage TPS,0.0,5.0,668206.52,668206.52
2023,4,APAC,India/South Asia Market,Storage TPS,0.0,6.0,589822.53,589822.53
2023,4,APAC,India/South Asia Market,Storage TPS,0.0,7.0,709980.53,709980.53
2023,4,APAC,India/South Asia Market,Storage TPS,0.0,8.0,674593.99,674593.99
2023,4,APAC,India/South Asia Market,Storage TPS,0.0,9.0,1040134.46,1040134.46
2023,4,APAC,India/South Asia Market,Storage TPS,0.0,10.0,1040134.46,1040134.46
2023,4,APAC,India/South Asia Market,Storage TPS,0.0,11.0,1811457.13,1811457.13
2023,4,APAC,India/South Asia Market,Storage TPS,0.0,12.0,2241485.33,2241485.33
2023,4,APAC,India/South Asia Market,Storage TPS,0.0,13.0,2302249.42,2302249.42
2023,4,APAC,India/South Asia Market,Storage TPS,0.0,14.0,2179353.37,2179353.37
2023,4,APAC,India/South Asia Market,Storage TPS,0.0,15.0,2194353.37,2194353.37
2023,4,APAC,India/South Asia Market,Z TPS,0.0,1.0,492536.58999999997,492536.58999999997
2023,4,APAC,India/South Asia Market,Z TPS,0.0,2.0,492536.58999999997,492536.58999999997
2023,4,APAC,India/South Asia Market,Z TPS,0.0,3.0,892536.59,892536.59
2023,4,APAC,India/South Asia Market,Z TPS,0.0,4.0,1291911.0699999998,1291911.0699999998
2023,4,APAC,India/South Asia Market,Z TPS,0.0,5.0,1290999.82,1290999.82
2023,4,APAC,India/South Asia Market,Z TPS,0.0,6.0,1290999.82,1290999.82
2023,4,APAC,India/South Asia Market,Z TPS,0.0,7.0,1290999.82,1290999.82
2023,4,APAC,India/South Asia Market,Z TPS,0.0,8.0,1315031.42,1315031.42
2023,4,APAC,India/South Asia Market,Z TPS,0.0,9.0,1315031.42,1315031.42
2023,4,APAC,India/South Asia Market,Z TPS,0.0,10.0,1315031.42,1315031.42
2023,4,APAC,India/South Asia Market,Z TPS,0.0,11.0,6514529.94,6514529.94
2023,4,APAC,India/South Asia Market,Z TPS,0.0,12.0,4314529.94,4314529.94
2023,4,APAC,India/South Asia Market,Z TPS,0.0,13.0,4810609.35,4810609.35
2023,4,APAC,India/South Asia Market,Z TPS,0.0,14.0,4811106.06,4811106.06
2023,4,APAC,India/South Asia Market,Z TPS,0.0,15.0,4811106.06,4811106.06
2023,4,APAC,Korea Market,Automation Platform,0.0,1.0,5326000.0,5326000.0
2023,4,APAC,Korea Market,Automation Platform,0.0,2.0,5194000.0,5194000.0
2023,4,APAC,Korea Market,Automation Platform,0.0,3.0,5144000.0,5144000.0
2023,4,APAC,Korea Market,Automation Platform,0.0,4.0,5164000.0,5164000.0
2023,4,APAC,Korea Market,Automation Platform,0.0,5.0,4610000.0,4610000.0
2023,4,APAC,Korea Market,Automation Platform,0.0,6.0,4570000.0,4570000.0
2023,4,APAC,Korea Market,Automation Platform,0.0,7.0,3813000.0,3813000.0
2023,4,APAC,Korea Market,Automation Platform,0.0,8.0,3295000.0,3295000.0
2023,4,APAC,Korea Market,Automation Platform,0.0,9.0,2875700.0,2875700.0
2023,4,APAC,Korea Market,Automation Platform,0.0,10.0,2704700.0,2704700.0
2023,4,APAC,Korea Market,Automation Platform,0.0,11.0,2207025.9899999998,2207025.9899999998
2023,4,APAC,Korea Market,Automation Platform,0.0,12.0,1817025.99,1817025.99
2023,4,APAC,Korea Market,Automation Platform,0.0,13.0,1766222.99,1766222.99
2023,4,APAC,Korea Market,Automation Platform,0.0,14.0,1835222.99,1835222.99
2023,4,APAC,Korea Market,Automation Platform,0.0,15.0,1835222.99,1835222.99
2023,4,APAC,Korea Market,Data Platform,0.0,1.0,6386000.0,6386000.0
2023,4,APAC,Korea Market,Data Platform,0.0,2.0,8186000.0,8186000.0
2023,4,APAC,Korea Market,Data Platform,0.0,3.0,8168562.62,8168562.62
2023,4,APAC,Korea Market,Data Platform,0.0,4.0,6432948.67,6432948.67
2023,4,APAC,Korea Market,Data Platform,0.0,5.0,6707706.47,6707706.47
2023,4,APAC,Korea Market,Data Platform,0.0,6.0,6776706.47,6776706.47
2023,4,APAC,Korea Market,Data Platform,0.0,7.0,8167906.47,8167906.47
2023,4,APAC,Korea Market,Data Platform,0.0,8.0,7979387.15,7979387.15
2023,4,APAC,Korea Market,Data Platform,0.0,9.0,8412056.67,8412056.67
2023,4,APAC,Korea Market,Data Platform,0.0,10.0,8409056.67,8409056.67
2023,4,APAC,Korea Market,Data Platform,0.0,11.0,8765230.870000001,8765230.870000001
2023,4,APAC,Korea Market,Data Platform,0.0,12.0,8942230.870000001,8942230.870000001
2023,4,APAC,Korea Market,Data Platform,0.0,13.0,7838530.87,7838530.87
2023,4,APAC,Korea Market,Data Platform,0.0,14.0,7838530.87,7838530.87
2023,4,APAC,Korea Market,Data Platform,0.0,15.0,7889890.87,7889890.87
2023,4,APAC,Korea Market,Storage TPS,0.0,1.0,1265000.8,1265000.8
2023,4,APAC,Korea Market,Storage TPS,0.0,2.0,1258000.8,1258000.8
2023,4,APAC,Korea Market,Storage TPS,0.0,3.0,1258000.8,1258000.8
2023,4,APAC,Korea Market,Storage TPS,0.0,4.0,1313000.0,1313000.0
2023,4,APAC,Korea Market,Storage TPS,0.0,5.0,1303000.0,1303000.0
2023,4,APAC,Korea Market,Storage TPS,0.0,6.0,1303000.0,1303000.0
2023,4,APAC,Korea Market,Storage TPS,0.0,7.0,1397000.0,1397000.0
2023,4,APAC,Korea Market,Storage TPS,0.0,8.0,1507000.0,1507000.0
2023,4,APAC,Korea Market,Storage TPS,0.0,9.0,1507000.0,1507000.0
2023,4,APAC,Korea Market,Storage TPS,0.0,10.0,1598080.0,1598080.0
2023,4,APAC,Korea Market,Storage TPS,0.0,11.0,1700080.0,1700080.0
2023,4,APAC,Korea Market,Storage TPS,0.0,12.0,1757080.0,1757080.0
2023,4,APAC,Korea Market,Storage TPS,0.0,13.0,1807080.0,1807080.0
2023,4,APAC,Korea Market,Storage TPS,0.0,14.0,1777080.0,1777080.0
2023,4,APAC,Korea Market,Storage TPS,0.0,15.0,1777080.0,1777080.0
2023,4,APAC,Korea Market,Z TPS,0.0,1.0,0.0,0.0
2023,4,APAC,Korea Market,Z TPS,0.0,2.0,0.0,0.0
2023,4,APAC,Korea Market,Z TPS,0.0,3.0,0.0,0.0
2023,4,APAC,Korea Market,Z TPS,0.0,4.0,0.0,0.0
2023,4,APAC,Korea Market,Z TPS,0.0,5.0,0.0,0.0
2023,4,Americas,Canadian Market,Automation Platform,0.0,1.0,27862532.13,27862532.13
2023,4,Americas,Canadian Market,Automation Platform,0.0,2.0,27541641.79,27541641.79
2023,4,Americas,Canadian Market,Automation Platform,0.0,3.0,31573687.6,31573687.6
2023,4,Americas,Canadian Market,Automation Platform,0.0,4.0,32577717.19,32577717.19
2023,4,Americas,Canadian Market,Automation Platform,0.0,5.0,34300192.82,34300192.82
2023,4,Americas,Canadian Market,Automation Platform,0.0,6.0,33336329.45,33336329.45
2023,4,Americas,Canadian Market,Automation Platform,0.0,7.0,32489303.87,32489303.87
2023,4,Americas,Canadian Market,Automation Platform,0.0,8.0,32334029.130000003,32334029.130000003
2023,4,Americas,Canadian Market,Automation Platform,0.0,9.0,38597140.08,38597140.08
2023,4,Americas,Canadian Market,Automation Platform,0.0,10.0,39650732.67,39650732.67
2023,4,Americas,Canadian Market,Automation Platform,0.0,11.0,40350406.71,40350406.71
2023,4,Americas,Canadian Market,Automation Platform,0.0,12.0,37409002.88,37409002.88
2023,4,Americas,Canadian Market,Automation Platform,0.0,13.0,32713006.59,32713006.59
2023,4,Americas,Canadian Market,Automation Platform,0.0,14.0,32717210.17,32717210.17
2023,4,Americas,Canadian Market,Automation Platform,0.0,15.0,32216650.17,32216650.17
2023,4,Americas,Canadian Market,Data Platform,0.0,1.0,26472735.06,26472735.06
2023,4,Americas,Canadian Market,Data Platform,0.0,2.0,25677716.39,25677716.39
2023,4,Americas,Canadian Market,Data Platform,0.0,3.0,25715950.02,25715950.02
2023,4,Americas,Canadian Market,Data Platform,0.0,4.0,31507978.15,31507978.15
2023,4,Americas,Canadian Market,Data Platform,0.0,5.0,34676279.769999996,34676279.769999996
2023,4,Americas,Canadian Market,Data Platform,0.0,6.0,34184237.31,34184237.31
2023,4,Americas,Canadian Market,Data Platform,0.0,7.0,34364457.89,34364457.89
2023,4,Americas,Canadian Market,Data Platform,0.0,8.0,34970450.53,34970450.53
2023,4,Americas,Canadian Market,Data Platform,0.0,9.0,33864996.6,33864996.6
2023,4,Americas,Canadian Market,Data Platform,0.0,10.0,34161496.69,34161496.69
2023,4,Americas,Canadian Market,Data Platform,0.0,11.0,36622765.04,36622765.04
2023,4,Americas,Canadian Market,Data Platform,0.0,12.0,38190982.24,38190982.24
2023,4,Americas,Canadian Market,Data Platform,0.0,13.0,37189457.01,37189457.01
2023,4,Americas,Canadian Market,Data Platform,0.0,14.0,37244740.34,37244740.34
2023,4,Americas,Canadian Market,Data Platform,0.0,15.0,37243220.34,37243220.34
2023,4,Americas,Canadian Market,Power TPS,0.0,1.0,0.0,0.0
2023,4,Americas,Canadian Market,Power TPS,0.0,2.0,0.0,0.0
2023,4,Americas,Canadian Market,Power TPS,0.0,3.0,0.0,0.0
2023,4,Americas,Canadian Market,Power TPS,0.0,4.0,0.0,0.0
2023,4,Americas,Canadian Market,Power TPS,0.0,5.0,0.0,0.0
2023,4,Americas,Canadian Market,Power TPS,0.0,6.0,0.0,0.0
2023,4,Americas,Canadian Market,Power TPS,0.0,7.0,0.0,0.0
2023,4,Americas,Canadian Market,Power TPS,0.0,8.0,0.0,0.0
2023,4,Americas,Canadian Market,Power TPS,0.0,9.0,0.0,0.0
2023,4,Americas,Canadian Market,Power TPS,0.0,10.0,0.0,0.0
2023,4,Americas,Canadian Market,Power TPS,0.0,11.0,0.0,0.0
2023,4,Americas,Canadian Market,Public Cloud Platform,0.0,1.0,0.0,0.0
2023,4,Americas,Canadian Market,Public Cloud Platform,0.0,2.0,0.0,0.0
2023,4,Americas,Canadian Market,Public Cloud Platform,0.0,3.0,0.0,0.0
2023,4,Americas,Canadian Market,Public Cloud Platform,0.0,4.0,0.0,0.0
2023,4,Americas,Canadian Market,Public Cloud Platform,0.0,5.0,0.0,0.0
2023,4,Americas,Canadian Market,Public Cloud Platform,0.0,6.0,0.0,0.0
2023,4,Americas,Canadian Market,Public Cloud Platform,0.0,7.0,0.0,0.0
2023,4,Americas,Canadian Market,Public Cloud Platform,0.0,8.0,0.0,0.0
2023,4,Americas,Canadian Market,Public Cloud Platform,0.0,9.0,0.0,0.0
2023,4,Americas,Canadian Market,Public Cloud Platform,0.0,10.0,0.0,0.0
2023,4,Americas,Canadian Market,Storage TPS,0.0,1.0,1468000.0,1468000.0
2023,4,Americas,Canadian Market,Storage TPS,0.0,2.0,1468000.0,1468000.0
2023,4,Americas,Canadian Market,Storage TPS,0.0,3.0,1293000.0,1293000.0
2023,4,Americas,Canadian Market,Storage TPS,0.0,4.0,1293000.0,1293000.0
2023,4,Americas,Canadian Market,Storage TPS,0.0,5.0,1756675.6600000001,1756675.6600000001
2023,4,Americas,Canadian Market,Storage TPS,0.0,6.0,1607675.6600000001,1607675.6600000001
2023,4,Americas,Canadian Market,Storage TPS,0.0,7.0,1607675.6600000001,1607675.6600000001
2023,4,Americas,Canadian Market,Storage TPS,0.0,8.0,1607675.6600000001,1607675.6600000001
2023,4,Americas,Canadian Market,Storage TPS,0.0,9.0,1814675.6600000001,1814675.6600000001
2023,4,Americas,Canadian Market,Storage TPS,0.0,10.0,2164675.66,2164675.66
2023,4,Americas,Canadian Market,Storage TPS,0.0,11.0,2178009.0,2178009.0
2023,4,Americas,Canadian Market,Storage TPS,0.0,12.0,2182009.0,2182009.0
2023,4,Americas,Canadian Market,Storage TPS,0.0,13.0,2222911.0,2222911.0
2023,4,Americas,Canadian Market,Storage TPS,0.0,14.0,2240244.33,2240244.33
2023,4,Americas,Canadian Market,Storage TPS,0.0,15.0,2240244.33,2240244.33
2023,4,Americas,Canadian Market,Z TPS,0.0,1.0,644559.39,644559.39
2023,4,Americas,Canadian Market,Z TPS,0.0,2.0,644559.39,644559.39
2023,4,Americas,Canadian Market,Z TPS,0.0,3.0,1294559.3900000001,1294559.3900000001
2023,4,Americas,Canadian Market,Z TPS,0.0,4.0,894559.39,894559.39
2023,4,Americas,Canadian Market,Z TPS,0.0,5.0,594311.99,594311.99
2023,4,Americas,Canadian Market,Z TPS,0.0,6.0,594311.99,594311.99
2023,4,Americas,Canadian Market,Z TPS,0.0,7.0,594311.99,594311.99
2023,4,Americas,Canadian Market,Z TPS,0.0,8.0,594311.99,594311.99
2023,4,Americas,Canadian Market,Z TPS,0.0,9.0,594311.99,594311.99
2023,4,Americas,Canadian Market,Z TPS,0.0,10.0,895311.99,895311.99
2023,4,Americas,Canadian Market,Z TPS,0.0,11.0,555311.99,555311.99
2023,4,Americas,Canadian Market,Z TPS,0.0,12.0,159311.99,159311.99
2023,4,Americas,Canadian Market,Z TPS,0.0,13.0,141311.97999999998,141311.97999999998
2023,4,Americas,Canadian Market,Z TPS,0.0,14.0,141311.97999999998,141311.97999999998
2023,4,Americas,Canadian Market,Z TPS,0.0,15.0,141311.97999999998,141311.97999999998
2023,4,Americas,Latin America Market,Automation Platform,0.0,1.0,30423589.53,30423589.53
2023,4,Americas,Latin America Market,Automation Platform,0.0,2.0,33177354.83,33177354.83
2023,4,Americas,Latin America Market,Automation Platform,0.0,3.0,32877101.06,32877101.06
2023,4,Americas,Latin America Market,Automation Platform,0.0,4.0,33180160.93,33180160.93
2023,4,Americas,Latin America Market,Automation Platform,0.0,5.0,33309557.65,33309557.65
2023,4,Americas,Latin America Market,Automation Platform,0.0,6.0,34670730.38,34670730.38
2023,4,Americas,Latin America Market,Automation Platform,0.0,7.0,35218591.07,35218591.07
2023,4,Americas,Latin America Market,Automation Platform,0.0,8.0,36979206.14,36979206.14
2023,4,Americas,Latin America Market,Automation Platform,0.0,9.0,37217131.17,37217131.17
2023,4,Americas,Latin America Market,Automation Platform,0.0,10.0,37203225.53,37203225.53
2023,4,Americas,Latin America Market,Automation Platform,0.0,11.0,38116093.02,38116093.02
2023,4,Americas,Latin America Market,Automation Platform,0.0,12.0,38482281.01,38482281.01
2023,4,Americas,Latin America Market,Automation Platform,0.0,13.0,50768933.08,50768933.08
2023,4,Americas,Latin America Market,Automation Platform,0.0,14.0,50724964.55,50724964.55
2023,4,Americas,Latin America Market,Automation Platform,0.0,15.0,50700886.47,50700886.47
2023,4,Americas,Latin America Market,Data Platform,0.0,1.0,37174153.97,37174153.97
2023,4,Americas,Latin America Market,Data Platform,0.0,2.0,39264354.37,39264354.37
2023,4,Americas,Latin America Market,Data Platform,0.0,3.0,38953352.33,38953352.33
2023,4,Americas,Latin America Market,Data Platform,0.0,4.0,38930300.85,38930300.85
2023,4,Americas,Latin America Market,Data Platform,0.0,5.0,42737017.18,42737017.18
2023,4,Americas,Latin America Market,Data Platform,0.0,6.0,39971865.32,39971865.32
2023,4,Americas,Latin America Market,Data Platform,0.0,7.0,41075617.65,41075617.65
2023,4,Americas,Latin America Market,Data Platform,0.0,8.0,48141063.83,48141063.83
2023,4,Americas,Latin America Market,Data Platform,0.0,9.0,48781474.33,48781474.33
2023,4,Americas,Latin America Market,Data Platform,0.0,10.0,49168560.59,49168560.59
2023,4,Americas,Latin America Market,Data Platform,0.0,11.0,52963211.54,52963211.54
2023,4,Americas,Latin America Market,Data Platform,0.0,12.0,54556462.11,54556462.11
2023,4,Americas,Latin America Market,Data Platform,0.0,13.0,70377087.91,70377087.91
2023,4,Americas,Latin America Market,Data Platform,0.0,14.0,68113806.38,68113806.38
2023,4,Americas,Latin America Market,Data Platform,0.0,15.0,68669902.5,68669902.5
2023,4,Americas,Latin America Market,Public Cloud Platform,0.0,1.0,0.0,0.0
2023,4,Americas,Latin America Market,Public Cloud Platform,0.0,2.0,0.0,0.0
2023,4,Americas,Latin America Market,Public Cloud Platform,0.0,3.0,0.0,0.0
2023,4,Americas,Latin America Market,Public Cloud Platform,0.0,4.0,0.0,0.0
2023,4,Americas,Latin America Market,Public Cloud Platform,0.0,5.0,0.0,0.0
2023,4,Americas,Latin America Market,Public Cloud Platform,0.0,6.0,0.0,0.0
2023,4,Americas,Latin America Market,Public Cloud Platform,0.0,7.0,0.0,0.0
2023,4,Americas,Latin America Market,Public Cloud Platform,0.0,8.0,0.0,0.0
2023,4,Americas,Latin America Market,Public Cloud Platform,0.0,9.0,0.0,0.0
2023,4,Americas,Latin America Market,Public Cloud Platform,0.0,10.0,0.0,0.0
2023,4,Americas,Latin America Market,Public Cloud Platform,0.0,11.0,0.0,0.0
2023,4,Americas,Latin America Market,Public Cloud Platform,0.0,12.0,0.0,0.0
2023,4,Americas,Latin America Market,Storage TPS,0.0,1.0,3127498.06,3127498.06
2023,4,Americas,Latin America Market,Storage TPS,0.0,2.0,3557498.06,3557498.06
2023,4,Americas,Latin America Market,Storage TPS,0.0,3.0,3119065.07,3119065.07
2023,4,Americas,Latin America Market,Storage TPS,0.0,4.0,3664065.0700000003,3664065.0700000003
2023,4,Americas,Latin America Market,Storage TPS,0.0,5.0,3504600.68,3504600.68
2023,4,Americas,Latin America Market,Storage TPS,0.0,6.0,3498491.85,3498491.85
2023,4,Americas,Latin America Market,Storage TPS,0.0,7.0,3311015.71,3311015.71
2023,4,Americas,Latin America Market,Storage TPS,0.0,8.0,3662585.92,3662585.92
2023,4,Americas,Latin America Market,Storage TPS,0.0,9.0,3944959.92,3944959.92
2023,4,Americas,Latin America Market,Storage TPS,0.0,10.0,4271215.81,4271215.81
2023,4,Americas,Latin America Market,Storage TPS,0.0,11.0,4572738.5,4572738.5
2023,4,Americas,Latin America Market,Storage TPS,0.0,12.0,4751930.33,4751930.33
2023,4,Americas,Latin America Market,Storage TPS,0.0,13.0,6415411.8100000005,6415411.8100000005
2023,4,Americas,Latin America Market,Storage TPS,0.0,14.0,6425892.27,6425892.27
2023,4,Americas,Latin America Market,Storage TPS,0.0,15.0,6484389.35,6484389.35
2023,4,Americas,Latin America Market,Z TPS,0.0,1.0,13393784.79,13393784.79
2023,4,Americas,Latin America Market,Z TPS,0.0,2.0,13460024.61,13460024.61
2023,4,Americas,Latin America Market,Z TPS,0.0,3.0,13460024.61,13460024.61
2023,4,Americas,Latin America Market,Z TPS,0.0,4.0,13610024.61,13610024.61
2023,4,Americas,Latin America Market,Z TPS,0.0,5.0,14152191.52,14152191.52
2023,4,Americas,Latin America Market,Z TPS,0.0,6.0,14152191.52,14152191.52
2023,4,Americas,Latin America Market,Z TPS,0.0,7.0,14180695.47,14180695.47
2023,4,Americas,Latin America Market,Z TPS,0.0,8.0,15144488.129999999,15144488.129999999
2023,4,Americas,Latin America Market,Z TPS,0.0,9.0,15277488.129999999,15277488.129999999
2023,4,Americas,Latin America Market,Z TPS,0.0,10.0,15304488.129999999,15304488.129999999
2023,4,Americas,Latin America Market,Z TPS,0.0,11.0,19719932.29,19719932.29
2023,4,Americas,Latin America Market,Z TPS,0.0,12.0,21341538.07,21341538.07
2023,4,Americas,Latin America Market,Z TPS,0.0,13.0,18290563.16,18290563.16
2023,4,Americas,Latin America Market,Z TPS,0.0,14.0,18290853.56,18290853.56
2023,4,Americas,Latin America Market,Z TPS,0.0,15.0,18290853.56,18290853.56
2023,4,Americas,US Federal Market,Automation Platform,0.0,1.0,17436082.169999998,17436082.169999998
2023,4,Americas,US Federal Market,Automation Platform,0.0,2.0,17796882.89,17796882.89
2023,4,Americas,US Federal Market,Automation Platform,0.0,3.0,17217905.48,17217905.48
2023,4,Americas,US Federal Market,Automation Platform,0.0,4.0,15313992.64,15313992.64
2023,4,Americas,US Federal Market,Automation Platform,0.0,5.0,18136414.78,18136414.78
2023,4,Americas,US Federal Market,Automation Platform,0.0,6.0,18583421.84,18583421.84
2023,4,Americas,US Federal Market,Automation Platform,0.0,7.0,16752271.49,16752271.49
2023,4,Americas,US Federal Market,Automation Platform,0.0,8.0,17311271.49,17311271.49
2023,4,Americas,US Federal Market,Automation Platform,0.0,9.0,17609787.17,17609787.17
2023,4,Americas,US Federal Market,Automation Platform,0.0,10.0,19653342.11,19653342.11
2023,4,Americas,US Federal Market,Automation Platform,0.0,11.0,20319730.97,20319730.97
2023,4,Americas,US Federal Market,Automation Platform,0.0,12.0,22015412.29,22015412.29
2023,4,Americas,US Federal Market,Automation Platform,0.0,13.0,21297825.55,21297825.55
2023,4,Americas,US Federal Market,Automation Platform,0.0,14.0,21713710.81,21713710.81
2023,4,Americas,US Federal Market,Automation Platform,0.0,15.0,21713710.81,21713710.81
2023,4,Americas,US Federal Market,Data Platform,0.0,1.0,18451670.36,18451670.36
2023,4,Americas,US Federal Market,Data Platform,0.0,2.0,18587200.53,18587200.53
2023,4,Americas,US Federal Market,Data Platform,0.0,3.0,17661598.93,17661598.93
2023,4,Americas,US Federal Market,Data Platform,0.0,4.0,15616322.73,15616322.73
2023,4,Americas,US Federal Market,Data Platform,0.0,5.0,15056625.07,15056625.07
2023,4,Americas,US Federal Market,Data Platform,0.0,6.0,15686955.66,15686955.66
2023,4,Americas,US Federal Market,Data Platform,0.0,7.0,15653594.46,15653594.46
2023,4,Americas,US Federal Market,Data Platform,0.0,8.0,15103394.46,15103394.46
2023,4,Americas,US Federal Market,Data Platform,0.0,9.0,13992830.66,13992830.66
2023,4,Americas,US Federal Market,Data Platform,0.0,10.0,13623183.15,13623183.15
2023,4,Americas,US Federal Market,Data Platform,0.0,11.0,15186570.46,15186570.46
2023,4,Americas,US Federal Market,Data Platform,0.0,12.0,15309071.46,15309071.46
2023,4,Americas,US Federal Market,Data Platform,0.0,13.0,15429327.67,15429327.67
2023,4,Americas,US Federal Market,Data Platform,0.0,14.0,15429526.67,15429526.67
2023,4,Americas,US Federal Market,Data Platform,0.0,15.0,16731392.870000001,16731392.870000001
2023,4,Americas,US Federal Market,Power TPS,0.0,1.0,0.0,0.0
2023,4,Americas,US Federal Market,Power TPS,0.0,2.0,0.0,0.0
2023,4,Americas,US Federal Market,Power TPS,0.0,3.0,0.0,0.0
2023,4,Americas,US Federal Market,Power TPS,0.0,4.0,0.0,0.0
2023,4,Americas,US Federal Market,Power TPS,0.0,5.0,0.0,0.0
2023,4,Americas,US Federal Market,Power TPS,0.0,6.0,0.0,0.0
2023,4,Americas,US Federal Market,Public Cloud Platform,0.0,1.0,0.0,0.0
2023,4,Americas,US Federal Market,Storage TPS,0.0,1.0,504538.0,504538.0
2023,4,Americas,US Federal Market,Storage TPS,0.0,2.0,526393.5,526393.5
2023,4,Americas,US Federal Market,Storage TPS,0.0,3.0,522238.0,522238.0
2023,4,Americas,US Federal Market,Storage TPS,0.0,4.0,522238.0,522238.0
2023,4,Americas,US Federal Market,Storage TPS,0.0,5.0,522238.0,522238.0
2023,4,Americas,US Federal Market,Storage TPS,0.0,6.0,524878.0,524878.0
2023,4,Americas,US Federal Market,Storage TPS,0.0,7.0,524878.0,524878.0
2023,4,Americas,US Federal Market,Storage TPS,0.0,8.0,524878.0,524878.0
2023,4,Americas,US Federal Market,Storage TPS,0.0,9.0,343562.0,343562.0
2023,4,Americas,US Federal Market,Storage TPS,0.0,10.0,498562.0,498562.0
2023,4,Americas,US Federal Market,Storage TPS,0.0,11.0,498562.0,498562.0
2023,4,Americas,US Federal Market,Storage TPS,0.0,12.0,590710.0,590710.0
2023,4,Americas,US Federal Market,Storage TPS,0.0,13.0,1835562.0,1835562.0
2023,4,Americas,US Federal Market,Storage TPS,0.0,14.0,1385562.0,1385562.0
2023,4,Americas,US Federal Market,Storage TPS,0.0,15.0,1385562.0,1385562.0
2023,4,Americas,US Federal Market,Z TPS,0.0,1.0,4520634.83,4520634.83
2023,4,Americas,US Federal Market,Z TPS,0.0,2.0,4520634.83,4520634.83
2023,4,Americas,US Federal Market,Z TPS,0.0,3.0,4520634.83,4520634.83
2023,4,Americas,US Federal Market,Z TPS,0.0,4.0,4647022.93,4647022.93
2023,4,Americas,US Federal Market,Z TPS,0.0,5.0,4647022.93,4647022.93
2023,4,Americas,US Federal Market,Z TPS,0.0,6.0,4647022.93,4647022.93
2023,4,Americas,US Federal Market,Z TPS,0.0,7.0,4647022.93,4647022.93
2023,4,Americas,US Federal Market,Z TPS,0.0,8.0,4647022.93,4647022.93
2023,4,Americas,US Federal Market,Z TPS,0.0,9.0,347022.93,347022.93
2023,4,Americas,US Federal Market,Z TPS,0.0,10.0,347022.93,347022.93
2023,4,Americas,US Federal Market,Z TPS,0.0,11.0,347022.93,347022.93
2023,4,Americas,US Federal Market,Z TPS,0.0,12.0,422477.56,422477.56
2023,4,Americas,US Federal Market,Z TPS,0.0,13.0,422477.56,422477.56
2023,4,Americas,US Federal Market,Z TPS,0.0,14.0,422477.56,422477.56
2023,4,Americas,US Federal Market,Z TPS,0.0,15.0,422477.56,422477.56
2023,4,Americas,US Financial Service Market,Automation Platform,0.0,1.0,48063155.98,48063155.98
2023,4,Americas,US Financial Service Market,Automation Platform,0.0,2.0,48911874.62,48911874.62
2023,4,Americas,US Financial Service Market,Automation Platform,0.0,3.0,49019176.54,49019176.54
2023,4,Americas,US Financial Service Market,Automation Platform,0.0,4.0,48409828.04,48409828.04
2023,4,Americas,US Financial Service Market,Automation Platform,0.0,5.0,51024183.04,51024183.04
2023,4,Americas,US Financial Service Market,Automation Platform,0.0,6.0,53474183.04,53474183.04
2023,4,Americas,US Financial Service Market,Automation Platform,0.0,7.0,61166228.04,61166228.04
2023,4,Americas,US Financial Service Market,Automation Platform,0.0,8.0,56407682.7,56407682.7
2023,4,Americas,US Financial Service Market,Automation Platform,0.0,9.0,53131042.51,53131042.51
2023,4,Americas,US Financial Service Market,Automation Platform,0.0,10.0,57414948.99,57414948.99
2023,4,Americas,US Financial Service Market,Automation Platform,0.0,11.0,57747814.1,57747814.1
2023,4,Americas,US Financial Service Market,Automation Platform,0.0,12.0,56956950.980000004,56956950.980000004
2023,4,Americas,US Financial Service Market,Automation Platform,0.0,13.0,46033162.68,46033162.68
2023,4,Americas,US Financial Service Market,Automation Platform,0.0,14.0,47597071.480000004,47597071.480000004
2023,4,Americas,US Financial Service Market,Automation Platform,0.0,15.0,47597071.480000004,47597071.480000004
2023,4,Americas,US Financial Service Market,Data Platform,0.0,1.0,86166149.17,86166149.17
2023,4,Americas,US Financial Service Market,Data Platform,0.0,2.0,87661799.03,87661799.03
2023,4,Americas,US Financial Service Market,Data Platform,0.0,3.0,87670305.51,87670305.51
2023,4,Americas,US Financial Service Market,Data Platform,0.0,4.0,97586090.37,97586090.37
2023,4,Americas,US Financial Service Market,Data Platform,0.0,5.0,120100710.56,120100710.56
2023,4,Americas,US Financial Service Market,Data Platform,0.0,6.0,121473605.84,121473605.84
2023,4,Americas,US Financial Service Market,Data Platform,0.0,7.0,128894241.52,128894241.52
2023,4,Americas,US Financial Service Market,Data Platform,0.0,8.0,129643444.33,129643444.33
2023,4,Americas,US Financial Service Market,Data Platform,0.0,9.0,137062711.09,137062711.09
2023,4,Americas,US Financial Service Market,Data Platform,0.0,10.0,124217536.89,124217536.89
2023,4,Americas,US Financial Service Market,Data Platform,0.0,11.0,120089023.04,120089023.04
2023,4,Americas,US Financial Service Market,Data Platform,0.0,12.0,102808427.95,102808427.95
2023,4,Americas,US Financial Service Market,Data Platform,0.0,13.0,86798316.9,86798316.9
2023,4,Americas,US Financial Service Market,Data Platform,0.0,14.0,86798316.9,86798316.9
2023,4,Americas,US Financial Service Market,Data Platform,0.0,15.0,86812779.99,86812779.99
2023,4,Americas,US Financial Service Market,Public Cloud Platform,0.0,1.0,0.0,0.0
2023,4,Americas,US Financial Service Market,Public Cloud Platform,0.0,2.0,0.0,0.0
2023,4,Americas,US Financial Service Market,Public Cloud Platform,0.0,3.0,0.0,0.0
2023,4,Americas,US Financial Service Market,Public Cloud Platform,0.0,4.0,0.0,0.0
2023,4,Americas,US Financial Service Market,Public Cloud Platform,0.0,5.0,0.0,0.0
2023,4,Americas,US Financial Service Market,Public Cloud Platform,0.0,6.0,0.0,0.0
2023,4,Americas,US Financial Service Market,Public Cloud Platform,0.0,7.0,0.0,0.0
2023,4,Americas,US Financial Service Market,Public Cloud Platform,0.0,8.0,0.0,0.0
2023,4,Americas,US Financial Service Market,Public Cloud Platform,0.0,9.0,210846.6,210846.6
2023,4,Americas,US Financial Service Market,Public Cloud Platform,0.0,10.0,128210.16,128210.16
2023,4,Americas,US Financial Service Market,Public Cloud Platform,0.0,11.0,0.0,0.0
2023,4,Americas,US Financial Service Market,Storage TPS,0.0,1.0,7641666.0,7641666.0
2023,4,Americas,US Financial Service Market,Storage TPS,0.0,2.0,7641666.0,7641666.0
2023,4,Americas,US Financial Service Market,Storage TPS,0.0,3.0,7641666.0,7641666.0
2023,4,Americas,US Financial Service Market,Storage TPS,0.0,4.0,9141666.0,9141666.0
2023,4,Americas,US Financial Service Market,Storage TPS,0.0,5.0,9375001.0,9375001.0
2023,4,Americas,US Financial Service Market,Storage TPS,0.0,6.0,9875001.0,9875001.0
2023,4,Americas,US Financial Service Market,Storage TPS,0.0,7.0,17200828.990000002,17200828.990000002
2023,4,Americas,US Financial Service Market,Storage TPS,0.0,8.0,30530828.990000002,30530828.990000002
2023,4,Americas,US Financial Service Market,Storage TPS,0.0,9.0,31000828.990000002,31000828.990000002
2023,4,Americas,US Financial Service Market,Storage TPS,0.0,10.0,31000828.990000002,31000828.990000002
2023,4,Americas,US Financial Service Market,Storage TPS,0.0,11.0,19959736.0,19959736.0
2023,4,Americas,US Financial Service Market,Storage TPS,0.0,12.0,13823136.0,13823136.0
2023,4,Americas,US Financial Service Market,Storage TPS,0.0,13.0,14435059.01,14435059.01
2023,4,Americas,US Financial Service Market,Storage TPS,0.0,14.0,14435059.01,14435059.01
2023,4,Americas,US Financial Service Market,Storage TPS,0.0,15.0,14435059.01,14435059.01
2023,4,Americas,US Financial Service Market,Z TPS,0.0,1.0,57254091.08,57254091.08
2023,4,Americas,US Financial Service Market,Z TPS,0.0,2.0,57754091.08,57754091.08
2023,4,Americas,US Financial Service Market,Z TPS,0.0,3.0,57554091.08,57554091.08
2023,4,Americas,US Financial Service Market,Z TPS,0.0,4.0,58387235.08,58387235.08
2023,4,Americas,US Financial Service Market,Z TPS,0.0,5.0,77154631.08,77154631.08
2023,4,Americas,US Financial Service Market,Z TPS,0.0,6.0,74154631.08,74154631.08
2023,4,Americas,US Financial Service Market,Z TPS,0.0,7.0,76154631.08,76154631.08
2023,4,Americas,US Financial Service Market,Z TPS,0.0,8.0,100178514.08,100178514.08
2023,4,Americas,US Financial Service Market,Z TPS,0.0,9.0,103061837.37,103061837.37
2023,4,Americas,US Financial Service Market,Z TPS,0.0,10.0,60065487.370000005,60065487.370000005
2023,4,Americas,US Financial Service Market,Z TPS,0.0,11.0,65183487.370000005,65183487.370000005
2023,4,Americas,US Financial Service Market,Z TPS,0.0,12.0,87061649.37,87061649.37
2023,4,Americas,US Financial Service Market,Z TPS,0.0,13.0,83113642.28999999,83113642.28999999
2023,4,Americas,US Financial Service Market,Z TPS,0.0,14.0,83113642.28999999,83113642.28999999
2023,4,Americas,US Financial Service Market,Z TPS,0.0,15.0,83113642.28999999,83113642.28999999
2023,4,Americas,US Industry Market,Automation Platform,0.0,1.0,34765264.42,34765264.42
2023,4,Americas,US Industry Market,Automation Platform,0.0,2.0,43888223.44,43888223.44
2023,4,Americas,US Industry Market,Automation Platform,0.0,3.0,45319312.22,45319312.22
2023,4,Americas,US Industry Market,Automation Platform,0.0,4.0,48618552.06,48618552.06
2023,4,Americas,US Industry Market,Automation Platform,0.0,5.0,55637528.66,55637528.66
2023,4,Americas,US Industry Market,Automation Platform,0.0,6.0,55969285.06,55969285.06
2023,4,Americas,US Industry Market,Automation Platform,0.0,7.0,50872806.6,50872806.6
2023,4,Americas,US Industry Market,Automation Platform,0.0,8.0,51258885.0,51258885.0
2023,4,Americas,US Industry Market,Automation Platform,0.0,9.0,49956631.54,49956631.54
2023,4,Americas,US Industry Market,Automation Platform,0.0,10.0,52628897.629999995,52628897.629999995
2023,4,Americas,US Industry Market,Automation Platform,0.0,11.0,52358140.15,52358140.15
2023,4,Americas,US Industry Market,Automation Platform,0.0,12.0,52897711.36,52897711.36
2023,4,Americas,US Industry Market,Automation Platform,0.0,13.0,50203479.78,50203479.78
2023,4,Americas,US Industry Market,Automation Platform,0.0,14.0,50098665.38,50098665.38
2023,4,Americas,US Industry Market,Automation Platform,0.0,15.0,50098665.38,50098665.38
2023,4,Americas,US Industry Market,Data Platform,0.0,1.0,29760707.02,29760707.02
2023,4,Americas,US Industry Market,Data Platform,0.0,2.0,29702521.15,29702521.15
2023,4,Americas,US Industry Market,Data Platform,0.0,3.0,34524929.81,34524929.81
2023,4,Americas,US Industry Market,Data Platform,0.0,4.0,43618591.71,43618591.71
2023,4,Americas,US Industry Market,Data Platform,0.0,5.0,43689973.480000004,43689973.480000004
2023,4,Americas,US Industry Market,Data Platform,0.0,6.0,44029101.480000004,44029101.480000004
2023,4,Americas,US Industry Market,Data Platform,0.0,7.0,44481634.89,44481634.89
2023,4,Americas,US Industry Market,Data Platform,0.0,8.0,44219506.89,44219506.89
2023,4,Americas,US Industry Market,Data Platform,0.0,9.0,54473949.96,54473949.96
2023,4,Americas,US Industry Market,Data Platform,0.0,10.0,75164563.27,75164563.27
2023,4,Americas,US Industry Market,Data Platform,0.0,11.0,79755861.88,79755861.88
2023,4,Americas,US Industry Market,Data Platform,0.0,12.0,86231203.74000001,86231203.74000001
2023,4,Americas,US Industry Market,Data Platform,0.0,13.0,85767885.76,85767885.76
2023,4,Americas,US Industry Market,Data Platform,0.0,14.0,85801960.7,85801960.7
2023,4,Americas,US Industry Market,Data Platform,0.0,15.0,85802140.7,85802140.7
2023,4,Americas,US Industry Market,Public Cloud Platform,0.0,3.0,0.0,0.0
2023,4,Americas,US Industry Market,Public Cloud Platform,0.0,4.0,0.0,0.0
2023,4,Americas,US Industry Market,Public Cloud Platform,0.0,5.0,0.0,0.0
2023,4,Americas,US Industry Market,Public Cloud Platform,0.0,6.0,0.0,0.0
2023,4,Americas,US Industry Market,Public Cloud Platform,0.0,7.0,0.0,0.0
2023,4,Americas,US Industry Market,Public Cloud Platform,0.0,8.0,0.0,0.0
2023,4,Americas,US Industry Market,Storage TPS,0.0,1.0,4506250.0,4506250.0
2023,4,Americas,US Industry Market,Storage TPS,0.0,2.0,4970025.58,4970025.58
2023,4,Americas,US Industry Market,Storage TPS,0.0,3.0,5020025.58,5020025.58
2023,4,Americas,US Industry Market,Storage TPS,0.0,4.0,4870025.58,4870025.58
2023,4,Americas,US Industry Market,Storage TPS,0.0,5.0,4672860.65,4672860.65
2023,4,Americas,US Industry Market,Storage TPS,0.0,6.0,5077860.65,5077860.65
2023,4,Americas,US Industry Market,Storage TPS,0.0,7.0,13277860.65,13277860.65
2023,4,Americas,US Industry Market,Storage TPS,0.0,8.0,13277860.65,13277860.65
2023,4,Americas,US Industry Market,Storage TPS,0.0,9.0,15275830.950000001,15275830.950000001
2023,4,Americas,US Industry Market,Storage TPS,0.0,10.0,15286453.950000001,15286453.950000001
2023,4,Americas,US Industry Market,Storage TPS,0.0,11.0,15313981.620000001,15313981.620000001
2023,4,Americas,US Industry Market,Storage TPS,0.0,12.0,15318093.620000001,15318093.620000001
2023,4,Americas,US Industry Market,Storage TPS,0.0,13.0,15639645.620000001,15639645.620000001
2023,4,Americas,US Industry Market,Storage TPS,0.0,14.0,15639645.620000001,15639645.620000001
2023,4,Americas,US Industry Market,Storage TPS,0.0,15.0,15639645.620000001,15639645.620000001
2023,4,Americas,US Industry Market,Z TPS,0.0,1.0,5105486.0,5105486.0
2023,4,Americas,US Industry Market,Z TPS,0.0,2.0,4805486.0,4805486.0
2023,4,Americas,US Industry Market,Z TPS,0.0,3.0,3805486.0,3805486.0
2023,4,Americas,US Industry Market,Z TPS,0.0,4.0,2905486.0,2905486.0
2023,4,Americas,US Industry Market,Z TPS,0.0,5.0,3005486.0,3005486.0
2023,4,Americas,US Industry Market,Z TPS,0.0,6.0,4605486.0,4605486.0
2023,4,Americas,US Industry Market,Z TPS,0.0,7.0,2428486.0,2428486.0
2023,4,Americas,US Industry Market,Z TPS,0.0,8.0,2149486.0,2149486.0
2023,4,Americas,US Industry Market,Z TPS,0.0,9.0,1219486.0,1219486.0
2023,4,Americas,US Industry Market,Z TPS,0.0,10.0,1132486.0,1132486.0
2023,4,Americas,US Industry Market,Z TPS,0.0,11.0,2112898.76,2112898.76
2023,4,Americas,US Industry Market,Z TPS,0.0,12.0,1946301.26,1946301.26
2023,4,Americas,US Industry Market,Z TPS,0.0,13.0,1542884.23,1542884.23
2023,4,Americas,US Industry Market,Z TPS,0.0,14.0,1542884.23,1542884.23
2023,4,Americas,US Industry Market,Z TPS,0.0,15.0,1542884.23,1542884.23
2023,4,Americas,US National Market,Automation Platform,0.0,1.0,47506731.16,47506731.16
2023,4,Americas,US National Market,Automation Platform,0.0,2.0,47930172.97,47930172.97
2023,4,Americas,US National Market,Automation Platform,0.0,3.0,51901287.05,51901287.05
2023,4,Americas,US National Market,Automation Platform,0.0,4.0,54227036.13,54227036.13
2023,4,Americas,US National Market,Automation Platform,0.0,5.0,59134508.3,59134508.3
2023,4,Americas,US National Market,Automation Platform,0.0,6.0,61910878.06,61910878.06
2023,4,Americas,US National Market,Automation Platform,0.0,7.0,65614683.47,65614683.47
2023,4,Americas,US National Market,Automation Platform,0.0,8.0,67563271.95,67563271.95
2023,4,Americas,US National Market,Automation Platform,0.0,9.0,66890583.21,66890583.21
2023,4,Americas,US National Market,Automation Platform,0.0,10.0,68355098.33,68355098.33
2023,4,Americas,US National Market,Automation Platform,0.0,11.0,69000782.49,69000782.49
2023,4,Americas,US National Market,Automation Platform,0.0,12.0,67302952.96,67302952.96
2023,4,Americas,US National Market,Automation Platform,0.0,13.0,66689191.8,66689191.8
2023,4,Americas,US National Market,Automation Platform,0.0,14.0,67916252.58,67916252.58
2023,4,Americas,US National Market,Automation Platform,0.0,15.0,67909634.58,67909634.58
2023,4,Americas,US National Market,Data Platform,0.0,1.0,43016767.68,43016767.68
2023,4,Americas,US National Market,Data Platform,0.0,2.0,46695053.25,46695053.25
2023,4,Americas,US National Market,Data Platform,0.0,3.0,46883670.12,46883670.12
2023,4,Americas,US National Market,Data Platform,0.0,4.0,48374896.78,48374896.78
2023,4,Americas,US National Market,Data Platform,0.0,5.0,57572918.73,57572918.73
2023,4,Americas,US National Market,Data Platform,0.0,6.0,57625442.07,57625442.07
2023,4,Americas,US National Market,Data Platform,0.0,7.0,57518176.09,57518176.09
2023,4,Americas,US National Market,Data Platform,0.0,8.0,59199909.87,59199909.87
2023,4,Americas,US National Market,Data Platform,0.0,9.0,60415872.06,60415872.06
2023,4,Americas,US National Market,Data Platform,0.0,10.0,65492041.39,65492041.39
2023,4,Americas,US National Market,Data Platform,0.0,11.0,61700549.72,61700549.72
2023,4,Americas,US National Market,Data Platform,0.0,12.0,67122120.45,67122120.45
2023,4,Americas,US National Market,Data Platform,0.0,13.0,77218942.96,77218942.96
2023,4,Americas,US National Market,Data Platform,0.0,14.0,76630292.13,76630292.13
2023,4,Americas,US National Market,Data Platform,0.0,15.0,76631003.13,76631003.13
2023,4,Americas,US National Market,Power TPS,0.0,1.0,0.0,0.0
2023,4,Americas,US National Market,Power TPS,0.0,2.0,0.0,0.0
2023,4,Americas,US National Market,Power TPS,0.0,3.0,0.0,0.0
2023,4,Americas,US National Market,Power TPS,0.0,4.0,0.0,0.0
2023,4,Americas,US National Market,Power TPS,0.0,5.0,0.0,0.0
2023,4,Americas,US National Market,Power TPS,0.0,6.0,5000.0,5000.0
2023,4,Americas,US National Market,Power TPS,0.0,7.0,5000.0,5000.0
2023,4,Americas,US National Market,Power TPS,0.0,8.0,10000.0,10000.0
2023,4,Americas,US National Market,Power TPS,0.0,9.0,10000.0,10000.0
2023,4,Americas,US National Market,Power TPS,0.0,10.0,10000.0,10000.0
2023,4,Americas,US National Market,Power TPS,0.0,11.0,10000.0,10000.0
2023,4,Americas,US National Market,Power TPS,0.0,12.0,10000.0,10000.0
2023,4,Americas,US National Market,Power TPS,0.0,13.0,10000.0,10000.0
2023,4,Americas,US National Market,Power TPS,0.0,14.0,10000.0,10000.0
2023,4,Americas,US National Market,Power TPS,0.0,15.0,10000.0,10000.0
2023,4,Americas,US National Market,Public Cloud Platform,0.0,1.0,158484.9,158484.9
2023,4,Americas,US National Market,Public Cloud Platform,0.0,2.0,158484.9,158484.9
2023,4,Americas,US National Market,Public Cloud Platform,0.0,3.0,158484.9,158484.9
2023,4,Americas,US National Market,Public Cloud Platform,0.0,4.0,158484.9,158484.9
2023,4,Americas,US National Market,Public Cloud Platform,0.0,5.0,47384.9,47384.9
2023,4,Americas,US National Market,Public Cloud Platform,0.0,6.0,46297.34,46297.34
2023,4,Americas,US National Market,Public Cloud Platform,0.0,7.0,46297.34,46297.34
2023,4,Americas,US National Market,Public Cloud Platform,0.0,8.0,46297.34,46297.34
2023,4,Americas,US National Market,Public Cloud Platform,0.0,9.0,46297.34,46297.34
2023,4,Americas,US National Market,Public Cloud Platform,0.0,10.0,46276.770000000004,46276.770000000004
2023,4,Americas,US National Market,Public Cloud Platform,0.0,11.0,7376.77,7376.77
2023,4,Americas,US National Market,Public Cloud Platform,0.0,12.0,7376.77,7376.77
2023,4,Americas,US National Market,Public Cloud Platform,0.0,13.0,7376.77,7376.77
2023,4,Americas,US National Market,Public Cloud Platform,0.0,14.0,7376.77,7376.77
2023,4,Americas,US National Market,Public Cloud Platform,0.0,15.0,7376.77,7376.77
2023,4,Americas,US National Market,Storage TPS,0.0,1.0,5989609.4,5989609.4
2023,4,Americas,US National Market,Storage TPS,0.0,2.0,5988049.4,5988049.4
2023,4,Americas,US National Market,Storage TPS,0.0,3.0,6215549.4,6215549.4
2023,4,Americas,US National Market,Storage TPS,0.0,4.0,6536723.4,6536723.4
2023,4,Americas,US National Market,Storage TPS,0.0,5.0,7640191.359999999,7640191.359999999
2023,4,Americas,US National Market,Storage TPS,0.0,6.0,7066366.16,7066366.16
2023,4,Americas,US National Market,Storage TPS,0.0,7.0,7451975.74,7451975.74
2023,4,Americas,US National Market,Storage TPS,0.0,8.0,7222271.74,7222271.74
2023,4,Americas,US National Market,Storage TPS,0.0,9.0,7236132.54,7236132.54
2023,4,Americas,US National Market,Storage TPS,0.0,10.0,13991026.030000001,13991026.030000001
2023,4,Americas,US National Market,Storage TPS,0.0,11.0,13848568.41,13848568.41
2023,4,Americas,US National Market,Storage TPS,0.0,12.0,13139703.33,13139703.33
2023,4,Americas,US National Market,Storage TPS,0.0,13.0,16028782.98,16028782.98
2023,4,Americas,US National Market,Storage TPS,0.0,14.0,15528782.98,15528782.98
2023,4,Americas,US National Market,Storage TPS,0.0,15.0,15632782.98,15632782.98
2023,4,Americas,US National Market,Z TPS,0.0,1.0,1115338.0,1115338.0
2023,4,Americas,US National Market,Z TPS,0.0,2.0,1139338.0,1139338.0
2023,4,Americas,US National Market,Z TPS,0.0,3.0,1489338.0,1489338.0
2023,4,Americas,US National Market,Z TPS,0.0,4.0,2043039.55,2043039.55
2023,4,Americas,US National Market,Z TPS,0.0,5.0,2153199.92,2153199.92
2023,4,Americas,US National Market,Z TPS,0.0,6.0,2153199.92,2153199.92
2023,4,Americas,US National Market,Z TPS,0.0,7.0,1988199.92,1988199.92
2023,4,Americas,US National Market,Z TPS,0.0,8.0,3344564.18,3344564.18
2023,4,Americas,US National Market,Z TPS,0.0,9.0,3413022.34,3413022.34
2023,4,Americas,US National Market,Z TPS,0.0,10.0,3494545.34,3494545.34
2023,4,Americas,US National Market,Z TPS,0.0,11.0,3494545.34,3494545.34
2023,4,Americas,US National Market,Z TPS,0.0,12.0,7390287.74,7390287.74
2023,4,Americas,US National Market,Z TPS,0.0,13.0,14070399.51,14070399.51
2023,4,Americas,US National Market,Z TPS,0.0,14.0,14070399.51,14070399.51
2023,4,Americas,US National Market,Z TPS,0.0,15.0,14070399.51,14070399.51
2023,4,Americas,US Partner Service Market,Automation Platform,0.0,1.0,2133584.0,2133584.0
2023,4,Americas,US Partner Service Market,Automation Platform,0.0,2.0,2133584.0,2133584.0
2023,4,Americas,US Partner Service Market,Automation Platform,0.0,3.0,2858012.0,2858012.0
2023,4,Americas,US Partner Service Market,Automation Platform,0.0,4.0,2358012.0,2358012.0
2023,4,Americas,US Partner Service Market,Automation Platform,0.0,5.0,2973420.0,2973420.0
2023,4,Americas,US Partner Service Market,Automation Platform,0.0,6.0,5180172.0,5180172.0
2023,4,Americas,US Partner Service Market,Automation Platform,0.0,7.0,5173420.0,5173420.0
2023,4,Americas,US Partner Service Market,Automation Platform,0.0,8.0,5218420.0,5218420.0
2023,4,Americas,US Partner Service Market,Automation Platform,0.0,9.0,6874324.0,6874324.0
2023,4,Americas,US Partner Service Market,Automation Platform,0.0,10.0,6829324.0,6829324.0
2023,4,Americas,US Partner Service Market,Automation Platform,0.0,11.0,6809946.0,6809946.0
2023,4,Americas,US Partner Service Market,Automation Platform,0.0,12.0,6387799.28,6387799.28
2023,4,Americas,US Partner Service Market,Automation Platform,0.0,13.0,6142899.2299999995,6142899.2299999995
2023,4,Americas,US Partner Service Market,Automation Platform,0.0,14.0,6147928.53,6147928.53
2023,4,Americas,US Partner Service Market,Automation Platform,0.0,15.0,6147928.53,6147928.53
2023,4,Americas,US Partner Service Market,Data Platform,0.0,1.0,1048813.6,1048813.6
2023,4,Americas,US Partner Service Market,Data Platform,0.0,2.0,1043813.6,1043813.6
2023,4,Americas,US Partner Service Market,Data Platform,0.0,3.0,1248237.6,1248237.6
2023,4,Americas,US Partner Service Market,Data Platform,0.0,4.0,812400.0,812400.0
2023,4,Americas,US Partner Service Market,Data Platform,0.0,5.0,812400.0,812400.0
2023,4,Americas,US Partner Service Market,Data Platform,0.0,6.0,2522440.0,2522440.0
2023,4,Americas,US Partner Service Market,Data Platform,0.0,7.0,2756103.2,2756103.2
2023,4,Americas,US Partner Service Market,Data Platform,0.0,8.0,2756103.2,2756103.2
2023,4,Americas,US Partner Service Market,Data Platform,0.0,9.0,3908493.2,3908493.2
2023,4,Americas,US Partner Service Market,Data Platform,0.0,10.0,3908493.2,3908493.2
2023,4,Americas,US Partner Service Market,Data Platform,0.0,11.0,3404396.92,3404396.92
2023,4,Americas,US Partner Service Market,Data Platform,0.0,12.0,2797865.92,2797865.92
2023,4,Americas,US Partner Service Market,Data Platform,0.0,13.0,3841995.98,3841995.98
2023,4,Americas,US Partner Service Market,Data Platform,0.0,14.0,3841995.98,3841995.98
2023,4,Americas,US Partner Service Market,Data Platform,0.0,15.0,3841995.98,3841995.98
2023,4,Americas,US Partner Service Market,Storage TPS,0.0,1.0,0.0,0.0
2023,4,Americas,US Partner Service Market,Storage TPS,0.0,2.0,0.0,0.0
2023,4,Americas,US Partner Service Market,Storage TPS,0.0,3.0,0.0,0.0
2023,4,Americas,US Partner Service Market,Storage TPS,0.0,4.0,0.0,0.0
2023,4,Americas,US Partner Service Market,Storage TPS,0.0,5.0,0.0,0.0
2023,4,Americas,US Partner Service Market,Storage TPS,0.0,6.0,0.0,0.0
2023,4,Americas,US Partner Service Market,Storage TPS,0.0,7.0,0.0,0.0
2023,4,Americas,US Partner Service Market,Storage TPS,0.0,8.0,0.0,0.0
2023,4,Americas,US Partner Service Market,Storage TPS,0.0,9.0,0.0,0.0
2023,4,Americas,US Partner Service Market,Storage TPS,0.0,10.0,0.0,0.0
2023,4,Americas,US Partner Service Market,Storage TPS,0.0,11.0,0.0,0.0
2023,4,Americas,US Partner Service Market,Storage TPS,0.0,12.0,0.0,0.0
2023,4,Americas,US Partner Service Market,Storage TPS,0.0,13.0,0.0,0.0
2023,4,Americas,US Partner Service Market,Storage TPS,0.0,14.0,0.0,0.0
2023,4,Americas,US Partner Service Market,Storage TPS,0.0,15.0,0.0,0.0
2023,4,Americas,US Partner Service Market,Z TPS,0.0,1.0,0.0,0.0
2023,4,Americas,US Partner Service Market,Z TPS,0.0,2.0,0.0,0.0
2023,4,Americas,US Partner Service Market,Z TPS,0.0,3.0,0.0,0.0
2023,4,Americas,US Partner Service Market,Z TPS,0.0,4.0,0.0,0.0
2023,4,Americas,US Partner Service Market,Z TPS,0.0,5.0,0.0,0.0
2023,4,Americas,US Partner Service Market,Z TPS,0.0,6.0,0.0,0.0
2023,4,Americas,US Partner Service Market,Z TPS,0.0,7.0,0.0,0.0
2023,4,Americas,US Partner Service Market,Z TPS,0.0,8.0,0.0,0.0
2023,4,Americas,US Partner Service Market,Z TPS,0.0,9.0,1000000.0,1000000.0
2023,4,Americas,US Partner Service Market,Z TPS,0.0,10.0,1000000.0,1000000.0
2023,4,Americas,US Partner Service Market,Z TPS,0.0,11.0,1000000.0,1000000.0
2023,4,Americas,US Partner Service Market,Z TPS,0.0,12.0,1000000.0,1000000.0
2023,4,Americas,US Partner Service Market,Z TPS,0.0,13.0,0.0,0.0
2023,4,Americas,US Partner Service Market,Z TPS,0.0,14.0,0.0,0.0
2023,4,Americas,US Partner Service Market,Z TPS,0.0,15.0,0.0,0.0
2023,4,Americas,US Public Market,Automation Platform,0.0,1.0,21323347.25,21323347.25
2023,4,Americas,US Public Market,Automation Platform,0.0,2.0,21904410.96,21904410.96
2023,4,Americas,US Public Market,Automation Platform,0.0,3.0,22422831.0,22422831.0
2023,4,Americas,US Public Market,Automation Platform,0.0,4.0,22857523.509999998,22857523.509999998
2023,4,Americas,US Public Market,Automation Platform,0.0,5.0,25208232.73,25208232.73
2023,4,Americas,US Public Market,Automation Platform,0.0,6.0,25350926.08,25350926.08
2023,4,Americas,US Public Market,Automation Platform,0.0,7.0,25648079.759999998,25648079.759999998
2023,4,Americas,US Public Market,Automation Platform,0.0,8.0,23569459.23,23569459.23
2023,4,Americas,US Public Market,Automation Platform,0.0,9.0,31978087.14,31978087.14
2023,4,Americas,US Public Market,Automation Platform,0.0,10.0,31803941.53,31803941.53
2023,4,Americas,US Public Market,Automation Platform,0.0,11.0,34167046.79,34167046.79
2023,4,Americas,US Public Market,Automation Platform,0.0,12.0,36716304.63,36716304.63
2023,4,Americas,US Public Market,Automation Platform,0.0,13.0,31897758.85,31897758.85
2023,4,Americas,US Public Market,Automation Platform,0.0,14.0,31802664.13,31802664.13
2023,4,Americas,US Public Market,Automation Platform,0.0,15.0,31802664.13,31802664.13
2023,4,Americas,US Public Market,Data Platform,0.0,1.0,33104644.11,33104644.11
2023,4,Americas,US Public Market,Data Platform,0.0,2.0,35971632.18,35971632.18
2023,4,Americas,US Public Market,Data Platform,0.0,3.0,35641132.18,35641132.18
2023,4,Americas,US Public Market,Data Platform,0.0,4.0,35899738.91,35899738.91
2023,4,Americas,US Public Market,Data Platform,0.0,5.0,34787511.5,34787511.5
2023,4,Americas,US Public Market,Data Platform,0.0,6.0,34938441.5,34938441.5
2023,4,Americas,US Public Market,Data Platform,0.0,7.0,35474688.19,35474688.19
2023,4,Americas,US Public Market,Data Platform,0.0,8.0,32517772.91,32517772.91
2023,4,Americas,US Public Market,Data Platform,0.0,9.0,43853334.019999996,43853334.019999996
2023,4,Americas,US Public Market,Data Platform,0.0,10.0,44533828.47,44533828.47
2023,4,Americas,US Public Market,Data Platform,0.0,11.0,50987946.61,50987946.61
2023,4,Americas,US Public Market,Data Platform,0.0,12.0,52359126.69,52359126.69
2023,4,Americas,US Public Market,Data Platform,0.0,13.0,42368801.92,42368801.92
2023,4,Americas,US Public Market,Data Platform,0.0,14.0,42368679.8,42368679.8
2023,4,Americas,US Public Market,Data Platform,0.0,15.0,42373919.410000004,42373919.410000004
2023,4,Americas,US Public Market,Power TPS,0.0,1.0,0.0,0.0
2023,4,Americas,US Public Market,Power TPS,0.0,2.0,0.0,0.0
2023,4,Americas,US Public Market,Power TPS,0.0,3.0,0.0,0.0
2023,4,Americas,US Public Market,Power TPS,0.0,4.0,0.0,0.0
2023,4,Americas,US Public Market,Power TPS,0.0,5.0,0.0,0.0
2023,4,Americas,US Public Market,Power TPS,0.0,6.0,0.0,0.0
2023,4,Americas,US Public Market,Power TPS,0.0,7.0,0.0,0.0
2023,4,Americas,US Public Market,Power TPS,0.0,8.0,0.0,0.0
2023,4,Americas,US Public Market,Power TPS,0.0,9.0,0.0,0.0
2023,4,Americas,US Public Market,Power TPS,0.0,10.0,0.0,0.0
2023,4,Americas,US Public Market,Power TPS,0.0,11.0,0.0,0.0
2023,4,Americas,US Public Market,Power TPS,0.0,12.0,0.0,0.0
2023,4,Americas,US Public Market,Power TPS,0.0,13.0,0.0,0.0
2023,4,Americas,US Public Market,Power TPS,0.0,14.0,0.0,0.0
2023,4,Americas,US Public Market,Power TPS,0.0,15.0,0.0,0.0
2023,4,Americas,US Public Market,Storage TPS,0.0,1.0,4511000.0,4511000.0
2023,4,Americas,US Public Market,Storage TPS,0.0,2.0,1840000.0,1840000.0
2023,4,Americas,US Public Market,Storage TPS,0.0,3.0,2090000.0,2090000.0
2023,4,Americas,US Public Market,Storage TPS,0.0,4.0,1640000.0,1640000.0
2023,4,Americas,US Public Market,Storage TPS,0.0,5.0,1640000.0,1640000.0
2023,4,Americas,US Public Market,Storage TPS,0.0,6.0,1640000.0,1640000.0
2023,4,Americas,US Public Market,Storage TPS,0.0,7.0,1242380.51,1242380.51
2023,4,Americas,US Public Market,Storage TPS,0.0,8.0,1242380.51,1242380.51
2023,4,Americas,US Public Market,Storage TPS,0.0,9.0,1242380.51,1242380.51
2023,4,Americas,US Public Market,Storage TPS,0.0,10.0,1630380.51,1630380.51
2023,4,Americas,US Public Market,Storage TPS,0.0,11.0,2099859.51,2099859.51
2023,4,Americas,US Public Market,Storage TPS,0.0,12.0,2099859.51,2099859.51
2023,4,Americas,US Public Market,Storage TPS,0.0,13.0,1499381.51,1499381.51
2023,4,Americas,US Public Market,Storage TPS,0.0,14.0,1499381.51,1499381.51
2023,4,Americas,US Public Market,Storage TPS,0.0,15.0,1499381.51,1499381.51
2023,4,Americas,US Public Market,Z TPS,0.0,1.0,2756000.0,2756000.0
2023,4,Americas,US Public Market,Z TPS,0.0,2.0,2756000.0,2756000.0
2023,4,Americas,US Public Market,Z TPS,0.0,3.0,2756000.0,2756000.0
2023,4,Americas,US Public Market,Z TPS,0.0,4.0,1956000.0,1956000.0
2023,4,Americas,US Public Market,Z TPS,0.0,5.0,1956000.0,1956000.0
2023,4,Americas,US Public Market,Z TPS,0.0,6.0,1956000.0,1956000.0
2023,4,Americas,US Public Market,Z TPS,0.0,7.0,1956000.0,1956000.0
2023,4,Americas,US Public Market,Z TPS,0.0,8.0,1956000.0,1956000.0
2023,4,Americas,US Public Market,Z TPS,0.0,9.0,5701898.22,5701898.22
2023,4,Americas,US Public Market,Z TPS,0.0,10.0,5701898.22,5701898.22
2023,4,Americas,US Public Market,Z TPS,0.0,11.0,33266125.009999998,33266125.009999998
2023,4,Americas,US Public Market,Z TPS,0.0,12.0,35136511.45,35136511.45
2023,4,Americas,US Public Market,Z TPS,0.0,13.0,11141397.45,11141397.45
2023,4,Americas,US Public Market,Z TPS,0.0,14.0,11141397.45,11141397.45
2023,4,Americas,US Public Market,Z TPS,0.0,15.0,11141397.45,11141397.45
2023,4,Americas,US Top Market,Automation Platform,0.0,1.0,0.0,0.0
2023,4,Americas,US Top Market,Automation Platform,0.0,2.0,0.0,0.0
2023,4,Americas,US Top Market,Automation Platform,0.0,3.0,0.0,0.0
2023,4,Americas,US Top Market,Automation Platform,0.0,4.0,0.0,0.0
2023,4,Americas,US Top Market,Automation Platform,0.0,5.0,0.0,0.0
2023,4,Americas,US Top Market,Automation Platform,0.0,6.0,0.0,0.0
2023,4,Americas,US Top Market,Automation Platform,0.0,7.0,0.0,0.0
2023,4,Americas,US Top Market,Automation Platform,0.0,8.0,0.0,0.0
2023,4,Americas,US Top Market,Automation Platform,0.0,9.0,0.0,0.0
2023,4,Americas,US Top Market,Automation Platform,0.0,10.0,0.0,0.0
2023,4,Americas,US Top Market,Automation Platform,0.0,11.0,38578.18,38578.18
2023,4,Americas,US Top Market,Automation Platform,0.0,12.0,38578.18,38578.18
2023,4,Americas,US Top Market,Automation Platform,0.0,13.0,38578.18,38578.18
2023,4,Americas,US Top Market,Automation Platform,0.0,14.0,38578.18,38578.18
2023,4,Americas,US Top Market,Automation Platform,0.0,15.0,38578.18,38578.18
2023,4,Americas,US Top Market,Data Platform,0.0,1.0,0.0,0.0
2023,4,Americas,US Top Market,Data Platform,0.0,2.0,0.0,0.0
2023,4,Americas,US Top Market,Data Platform,0.0,3.0,178.0,178.0
2023,4,Americas,US Top Market,Data Platform,0.0,4.0,178.0,178.0
2023,4,Americas,US Top Market,Data Platform,0.0,5.0,178.0,178.0
2023,4,Americas,US Top Market,Data Platform,0.0,6.0,178.0,178.0
2023,4,Americas,US Top Market,Data Platform,0.0,7.0,455.0,455.0
2023,4,Americas,US Top Market,Data Platform,0.0,8.0,455.0,455.0
2023,4,Americas,US Top Market,Data Platform,0.0,9.0,455.0,455.0
2023,4,Americas,US Top Market,Data Platform,0.0,10.0,455.0,455.0
2023,4,Americas,US Top Market,Data Platform,0.0,11.0,633.0,633.0
2023,4,Americas,US Top Market,Data Platform,0.0,12.0,633.0,633.0
2023,4,Americas,US Top Market,Data Platform,0.0,13.0,633.0,633.0
2023,4,Americas,US Top Market,Data Platform,0.0,14.0,633.0,633.0
2023,4,Americas,US Top Market,Data Platform,0.0,15.0,633.0,633.0
2023,4,Americas,US Top Market,Storage TPS,0.0,1.0,0.0,0.0
2023,4,Americas,US Top Market,Storage TPS,0.0,2.0,0.0,0.0
2023,4,Americas,US Top Market,Storage TPS,0.0,3.0,0.0,0.0
2023,4,Americas,US Top Market,Storage TPS,0.0,4.0,0.0,0.0
2023,4,Americas,US Top Market,Storage TPS,0.0,5.0,0.0,0.0
2023,4,Americas,US Top Market,Storage TPS,0.0,6.0,0.0,0.0
2023,4,Americas,US Top Market,Storage TPS,0.0,7.0,0.0,0.0
2023,4,Americas,US Top Market,Storage TPS,0.0,8.0,0.0,0.0
2023,4,Americas,US Top Market,Storage TPS,0.0,9.0,0.0,0.0
2023,4,Americas,US Top Market,Storage TPS,0.0,10.0,0.0,0.0
2023,4,Americas,US Top Market,Storage TPS,0.0,11.0,0.0,0.0
2023,4,Americas,US Top Market,Storage TPS,0.0,12.0,0.0,0.0
2023,4,Americas,US Top Market,Storage TPS,0.0,13.0,0.0,0.0
2023,4,Americas,US Top Market,Storage TPS,0.0,14.0,0.0,0.0
2023,4,Americas,US Top Market,Storage TPS,0.0,15.0,0.0,0.0
2023,4,Americas,US Top Market,Z TPS,0.0,1.0,0.0,0.0
2023,4,Americas,US Top Market,Z TPS,0.0,2.0,0.0,0.0
2023,4,Americas,US Top Market,Z TPS,0.0,3.0,0.0,0.0
2023,4,Americas,US Top Market,Z TPS,0.0,4.0,0.0,0.0
2023,4,Americas,US Top Market,Z TPS,0.0,5.0,0.0,0.0
2023,4,Americas,US Top Market,Z TPS,0.0,6.0,0.0,0.0
2023,4,Americas,US Top Market,Z TPS,0.0,7.0,0.0,0.0
2023,4,Americas,US Top Market,Z TPS,0.0,8.0,0.0,0.0
2023,4,Americas,US Top Market,Z TPS,0.0,9.0,0.0,0.0
2023,4,Americas,US Top Market,Z TPS,0.0,10.0,0.0,0.0
2023,4,Americas,US Top Market,Z TPS,0.0,11.0,0.0,0.0
2023,4,Americas,US Top Market,Z TPS,0.0,12.0,0.0,0.0
2023,4,Americas,US Top Market,Z TPS,0.0,13.0,0.0,0.0
2023,4,Americas,US Top Market,Z TPS,0.0,14.0,0.0,0.0
2023,4,Americas,US Top Market,Z TPS,0.0,15.0,0.0,0.0
2023,4,EMEA,DACH Market,Automation Platform,0.0,1.0,43148873.38,43148873.38
2023,4,EMEA,DACH Market,Automation Platform,0.0,2.0,45869445.55,45869445.55
2023,4,EMEA,DACH Market,Automation Platform,0.0,3.0,47101062.55,47101062.55
2023,4,EMEA,DACH Market,Automation Platform,0.0,4.0,46338456.92,46338456.92
2023,4,EMEA,DACH Market,Automation Platform,0.0,5.0,46308516.63,46308516.63
2023,4,EMEA,DACH Market,Automation Platform,0.0,6.0,48200014.34,48200014.34
2023,4,EMEA,DACH Market,Automation Platform,0.0,7.0,54978429.67,54978429.67
2023,4,EMEA,DACH Market,Automation Platform,0.0,8.0,56475971.93,56475971.93
2023,4,EMEA,DACH Market,Automation Platform,0.0,9.0,57896538.93,57896538.93
2023,4,EMEA,DACH Market,Automation Platform,0.0,10.0,67025170.21,67025170.21
2023,4,EMEA,DACH Market,Automation Platform,0.0,11.0,56588495.150000006,56588495.150000006
2023,4,EMEA,DACH Market,Automation Platform,0.0,12.0,81743815.53,81743815.53
2023,4,EMEA,DACH Market,Automation Platform,0.0,13.0,81408991.04,81408991.04
2023,4,EMEA,DACH Market,Automation Platform,0.0,14.0,81508859.87,81508859.87
2023,4,EMEA,DACH Market,Automation Platform,0.0,15.0,81422033.06,81422033.06
2023,4,EMEA,DACH Market,Data Platform,0.0,1.0,38059029.019999996,38059029.019999996
2023,4,EMEA,DACH Market,Data Platform,0.0,2.0,53049076.55,53049076.55
2023,4,EMEA,DACH Market,Data Platform,0.0,3.0,54646195.99,54646195.99
2023,4,EMEA,DACH Market,Data Platform,0.0,4.0,56062359.03,56062359.03
2023,4,EMEA,DACH Market,Data Platform,0.0,5.0,67654406.28,67654406.28
2023,4,EMEA,DACH Market,Data Platform,0.0,6.0,69833136.28,69833136.28
2023,4,EMEA,DACH Market,Data Platform,0.0,7.0,76836989.89,76836989.89
2023,4,EMEA,DACH Market,Data Platform,0.0,8.0,80646416.86,80646416.86
2023,4,EMEA,DACH Market,Data Platform,0.0,9.0,82138537.11,82138537.11
2023,4,EMEA,DACH Market,Data Platform,0.0,10.0,99755548.28999999,99755548.28999999
2023,4,EMEA,DACH Market,Data Platform,0.0,11.0,124514653.53,124514653.53
