YEAR,QUARTER,MONTH,GEOGRAPHY,SUBMITTED_TIME_YEAR,SUBMITTED_TIME_MONTH,CLIENT_NAME,REVENUE_FORECAST_AMT,COST_FORECAST_AMT,GROSS_PROFIT_FORECAST_AMT,PROJECT
2025,4,2,Americas,2025,7,AMERICAN EXPRESS,16060.0,12060.0,4000.0,WSN0Z
2025,3,2,UKI,2025,6,THE SOCIETY OF LLOYDS,65150.0,53950.0,11200.0,UKAGRXC
2025,3,1,UKI,2025,6,WOOD GROUP,465360.0,284270.0,181090.0,UKAHSBY
2025,4,1,UKI,2025,6,PHOENIX GROUP,5680.0,630.0,5050.0,UKAHVNE
2025,3,3,Rest of EMEA,2025,6,ORANGE,0.0,0.0,0.0,02F-W73
2025,3,2,Rest of EMEA,2025,7,CESKY AEROHOLDING,4380.0,2900.0,1480.0,ZE17675
2025,4,2,Americas,2025,7,KROGER / FRED MEYER,10860.0,3060.0,7800.0,WMNQZ
2025,4,1,Americas,2025,6,NATURGY,30.0,0.0,30.0,MXA25C
2025,3,3,APAC,2025,7,UNILEVER,1260.0,600.0,660.0,SGH0257
2025,3,3,Rest of EMEA,2025,6,ION GROUP,0.0,5630.0,-5630.0,020-C4B
2025,4,2,Americas,2025,6,INTERCORP PERU LTD,720.0,0.0,720.0,RUBDKO
2025,3,3,Rest of EMEA,2025,7,MAJID AL FUTTAIM ENTERTAINMENT L.L.C,290000.0,203000.0,87000.0,Unassigned
2025,3,2,Americas,2025,6,STATE OF CALIFORNIA,0.0,0.0,0.0,W82LY
2025,3,2,UKI,2025,6,VOLKSWAGEN,22860.0,18000.0,4860.0,UKAHYYN
2025,3,3,Americas,2025,7,NEWMONT CORPORATION,0.0,0.0,0.0,W5Q9Z
2025,4,3,Americas,2025,7,LOCKHEED,0.0,470.0,-470.0,P9XXV
2025,4,3,Americas,2025,7,VALE,690.0,0.0,690.0,BZE5A7
2025,4,2,Rest of EMEA,2025,6,GOV1,439990.0,0.0,439990.0,020-5ZQ
2025,4,2,APAC,2025,7,MACQUARIE GROUP,166940.0,166940.0,0.0,Unassigned
2025,4,1,Americas,2025,6,LL BEAN INC,65770.0,56000.0,9770.0,WLD2Z
2025,3,2,Americas,2025,7,VALE,150.0,0.0,150.0,BZE69D
2025,4,3,Americas,2025,7,DEUTSCHE TELEKOM AG,186380.0,220870.0,-34490.0,W69HZ
2025,3,2,Americas,2025,6,MAPFRE,3290.0,2870.0,420.0,W2TRY
2025,3,1,Americas,2025,6,BLUE CROSS BLUE SHIELD OF MI,68620.0,72050.0,-3430.0,WM8DX
2025,4,1,Americas,2025,6,SCHIBSTED ASA,195700.0,186980.0,8720.0,BZFC7U
2025,3,1,Americas,2025,7,UPSTATE NIAGARA COOPERATIVE,77500.0,55000.0,22500.0,W8F0Z
2025,3,2,Rest of EMEA,2025,6,ENI GROUP,110460.0,72850.0,37610.0,019-49L
2025,3,1,Americas,2025,7,PNC FINANCIAL SERVICES GROUP,1063680.0,746100.0,317580.0,RAMWC
2025,4,1,Rest of EMEA,2025,6,GALP ENERGIA,44430.0,31700.0,12730.0,02D-JFL
2025,4,3,APAC,2025,7,"CENCORA, INC",0.0,0.0,0.0,INI8782
2025,3,1,Americas,2025,7,HONDA MOTOR,55650.0,20000.0,35650.0,WBZ8Z
2025,3,1,Americas,2025,6,GRUPO CIBEST S.A.,6230.0,4950.0,1280.0,LOBQ3Q
2025,3,1,UKI,2025,6,DEPT FOR WORK/PENSIONS,142030.0,108300.0,33730.0,UKAHXMD
2025,3,2,Americas,2025,7,AMERICAN ELECTRIC POWER,69650.0,53630.0,16020.0,Unassigned
2025,3,1,Rest of EMEA,2025,6,AVIATION SERVICES COMPANY,128510.0,103380.0,25130.0,SAC1CWY
2025,3,2,Americas,2025,7,VALE,3400.0,3530.0,-130.0,BZE5AU
2025,3,3,Rest of EMEA,2025,6,GECICA,177070.0,146970.0,30100.0,Unassigned
2025,3,1,Americas,2025,7,LUMEN TECHNOLOGIES,3950.0,9640.0,-5690.0,WT68Z
2025,4,1,Americas,2025,7,"INNOVATIVE SYSTEMS, INC.",14480.0,9900.0,4580.0,W8KZZ
2025,3,1,Rest of EMEA,2025,6,PREVIDENZA E SALUTE,0.0,2940.0,-2940.0,02D-FP6
2025,3,3,APAC,2025,7,VODAFONE,224810.0,224810.0,0.0,Unassigned
2025,4,3,Americas,2025,6,HONDA MOTOR,35970.0,23590.0,12380.0,W0D0Z
2025,4,2,Rest of EMEA,2025,6,IREN,0.0,0.0,0.0,01X-M83
2025,4,3,UKI,2025,6,THE SOCIETY OF LLOYDS,20580.0,17500.0,3080.0,UKAGYPA
2025,3,3,Rest of EMEA,2025,6,KYNDRYL,0.0,0.0,0.0,IY82180
2025,3,3,Rest of EMEA,2025,7,CAJAMAR CAJA RURAL SOCIEDAD COOPERATIVA DE CREDITO (EXTINGUIDA),202180.0,161740.0,40440.0,Unassigned
2025,4,3,APAC,2025,7,UNION BANK OF INDIA,0.0,0.0,0.0,INI6438
2025,4,3,APAC,2025,7,PARLE BISLERI PVT LTD,134470.0,-157950.0,292420.0,INI0577
2025,3,3,Americas,2025,7,NON-CORE FEDERAL ACCOUNTS,39990.0,29980.0,10010.0,Unassigned
2025,3,2,APAC,2025,7,KRUNG THAI BANK PUBLIC,0.0,0.0,0.0,THF4961
2025,4,1,APAC,2025,7,NNP BUILDCON PRIVATE LIMITED,29430.0,22700.0,6730.0,INI6417
2025,3,2,APAC,2025,7,WOODSIDE ENERGY LTD.,414660.0,414660.0,0.0,Unassigned
2025,4,2,Americas,2025,6,CANADA - CDN FED,0.0,8640.0,-8640.0,RAMCA
2025,3,3,Americas,2025,7,PFIZER,27010.0,21380.0,5630.0,WZ1CZ
2025,3,2,APAC,2025,7,MIZUHO FINANCIAL GROUP,0.0,25660.0,-25660.0,SGG9666
2025,3,2,Rest of EMEA,2025,6,LD KRANKENHILFE,50.0,50.0,0.0,011-TNV
2025,3,1,UKI,2025,6,SCOTTISH WATER,0.0,0.0,0.0,Unassigned
2025,3,3,Americas,2025,6,CARHARTT INC,57800.0,48510.0,9290.0,WTNHZ
2025,3,1,Americas,2025,6,MCKESSON CORPORATION,16430.0,14560.0,1870.0,W3T2Z
2025,3,2,Rest of EMEA,2025,6,ABSA GROUP,10930.0,2710.0,8220.0,ZCAAOCX
2025,4,2,Americas,2025,6,DOT FOODS INC,29770.0,11590.0,18180.0,W6FGZ
2025,3,2,Americas,2025,6,ONTEX,55660.0,41750.0,13910.0,Unassigned
2025,3,1,Americas,2025,7,LATAM AIRLINES GROUP,0.0,1190.0,-1190.0,CHBFHB
2025,3,2,Americas,2025,7,BERKSHIRE HATHAWAY  - BNSF,100800.0,67550.0,33250.0,W51RZ
2025,3,3,Americas,2025,6,MAPFRE,3290.0,2870.0,420.0,W2TRY
2025,3,2,Americas,2025,7,UPSTATE NIAGARA COOPERATIVE,52500.0,27480.0,25020.0,W8F0Z
2025,3,2,APAC,2025,7,CENTRAL DEPOSITORY SERVICES,0.0,20970.0,-20970.0,INI0489
2025,3,3,Americas,2025,6,"THE R.O.A.D.S. FOUNDATION, INC.",110.0,80.0,30.0,Unassigned
2025,3,3,APAC,2025,7,TAIWAN FINANCIAL HOLDINGS,0.0,0.0,0.0,TWCQ3BH
2025,3,3,Americas,2025,7,KYNDRYL,310.0,210.0,100.0,W574X
2025,4,2,Americas,2025,6,LATAM AIRLINES GROUP,5720.0,0.0,5720.0,CHBE65
2025,4,2,Americas,2025,6,STATE OF NEW YORK,44740.0,35410.0,9330.0,W96PY
2025,3,2,Rest of EMEA,2025,6,HELVETIA HOLDING AG,140950.0,120000.0,20950.0,01C-G6Z
2025,3,3,Americas,2025,6,AUTOMATED FINANCIAL SYSTEMS INC,3750.0,2880.0,870.0,Unassigned
2025,4,3,Americas,2025,7,BROWN BROTHERS HARRIMAN & CO.,128190.0,96140.0,32050.0,Unassigned
2025,3,3,Rest of EMEA,2025,7,FÖRSÄKRINGSKASSAN,22830.0,20460.0,2370.0,02F-V1H
2025,3,3,Americas,2025,7,STATE OF WEST VIRGINIA,118500.0,80000.0,38500.0,WAQHZ
2025,4,1,UKI,2025,6,RECKITT BENCKISER,13110.0,1710.0,11400.0,UKAHPXZ
2025,4,3,Rest of EMEA,2025,6,AVIATION SERVICES COMPANY,717530.0,91790.0,625740.0,SAC1CW8
2025,4,1,Americas,2025,6,STATE OF SOUTH CAROLINA,72670.0,50840.0,21830.0,WCQQZ
2025,4,3,Americas,2025,7,BURGER KING,0.0,5870.0,-5870.0,BZE8IC
2025,4,2,Americas,2025,6,DELOITTE & TOUCHE LLP,198000.0,147520.0,50480.0,W8PPZ
2025,4,2,Americas,2025,7,MERATIVE L.P.,4370.0,2310.0,2060.0,WZGPY
2025,4,2,Americas,2025,7,VALE,720.0,0.0,720.0,BZE6NH
2025,4,1,Americas,2025,7,AIR CANADA / AIMIA,51300.0,43180.0,8120.0,RASJT
2025,3,1,Americas,2025,6,BANCO SABADELL S.A.,0.0,700.0,-700.0,MXA2VT
2025,4,1,Americas,2025,7,STATE OF ARIZONA,30620.0,18780.0,11840.0,W00KY
2025,3,3,Americas,2025,7,PFIZER,406230.0,292320.0,113910.0,WZ6CZ
2025,3,1,APAC,2025,7,INNER MONGOLIA YILI INDUSTRIAL GROUP CO. LTD,4710.0,0.0,4710.0,02D-TNY
2025,3,3,Americas,2025,6,DUN & BRADSTREET,517660.0,398590.0,119070.0,Unassigned
2025,3,2,UKI,2025,6,IMPERIAL BRANDS PLC,452460.0,357450.0,95010.0,Unassigned
2025,3,2,Rest of EMEA,2025,6,HANSEMERKUR VERSICHERUNGSGRUPPE,4830.0,4010.0,820.0,01C-FXL
2025,3,2,Americas,2025,6,NORTHERN TRUST,0.0,0.0,0.0,Unassigned
2025,4,1,Rest of EMEA,2025,6,CANTIERI NAVALI ITALIANI SPA,0.0,0.0,0.0,01Z-ZXV
2025,3,3,Rest of EMEA,2025,6,TALANX,21040.0,19000.0,2040.0,01D-53K
2025,3,3,Rest of EMEA,2025,6,RAIFFEISENVERBAND SUEDTIROL GMBH,5850.0,5000.0,850.0,IY80832
2025,4,1,Americas,2025,7,VOLKSWAGEN,107840.0,105030.0,2810.0,WADFY
2025,4,3,Rest of EMEA,2025,6,AUDEMARS PIGUET,110000.0,90000.0,20000.0,028-G72
2025,4,1,Americas,2025,7,GRUPO CIBEST S.A.,11160.0,10820.0,340.0,LOBQZW
2025,3,2,Americas,2025,7,MANITOBA PUB. INS,21530.0,17570.0,3960.0,RAP4K
2025,4,1,Americas,2025,6,NESTLE,17800.0,6000.0,11800.0,W8L9Z
2025,3,1,Americas,2025,6,VALE,980.0,0.0,980.0,BZE5AR
2025,4,1,Americas,2025,7,ALLIANZ,38750.0,25950.0,12800.0,W2PPZ
2025,4,2,Rest of EMEA,2025,6,ATRUVIA AG,19600.0,3750.0,15850.0,017-QY7
2025,4,2,Americas,2025,7,PLAINS ALL AMERICAN PIPELINE,15620.0,9960.0,5660.0,W36GZ
2025,4,1,UKI,2025,6,IBERDROLA,1450.0,1070.0,380.0,UKAHNWF
2025,3,3,Americas,2025,6,HONDA MOTOR,2660.0,520.0,2140.0,BZFAGO
2025,4,2,Americas,2025,6,PRUDENTIAL FINANCIAL,48940.0,50400.0,-1460.0,WQ5RZ
2025,3,2,Rest of EMEA,2025,7,BMW,3100.0,4300.0,-1200.0,00V-QFZ
2025,4,3,Americas,2025,6,BANK OF AMERICA,58960.0,68830.0,-9870.0,WNP9X
2025,4,3,APAC,2025,7,INDIAN OIL CORPORATION LIMITED MARKETING DIVISION,54770.0,46800.0,7970.0,INI4329
2025,3,1,UKI,2025,6,CAPITA PLC,0.0,3690.0,-3690.0,UKAHXBI
2025,4,2,Americas,2025,7,VALE,1350.0,850.0,500.0,BZFBSJ
2025,3,3,Americas,2025,6,AMERICAN EXPRESS,12970.0,13530.0,-560.0,WR1JZ
2025,4,3,Americas,2025,7,FLEET WHOLESALE SUPPLY CO INC,206400.0,175780.0,30620.0,WHRLX
2025,3,3,Americas,2025,6,ABU DHABI NATIONAL OIL COMPANY,0.0,2290.0,-2290.0,BZFBT1
2025,3,3,Rest of EMEA,2025,6,EB TRUST COMPANY SRL,0.0,3420.0,-3420.0,02F-T69
2025,3,2,Americas,2025,7,SUNCOR ENERGY,12320.0,7990.0,4330.0,RAPY6
2025,4,1,Americas,2025,6,KYNDRYL,9200.0,1890.0,7310.0,W969Y
2025,3,1,Rest of EMEA,2025,7,HUBER + SUHNER AG,34760.0,28300.0,6460.0,025-RF2
2025,3,2,Rest of EMEA,2025,6,CONTINENTALE KRANKENVERSICHERUNG A.G.,10050.0,6510.0,3540.0,021-L07
2025,3,3,Americas,2025,7,FACILITY ASSOCIATION,23580.0,15090.0,8490.0,RARD5
2025,4,3,Rest of EMEA,2025,6,SHAQRA UNIVERSITY,79730.0,85280.0,-5550.0,SAC1CWS
2025,3,3,Rest of EMEA,2025,7,RHEINISCHE FRIEDRICH-WILHELMS-UNIVERSITÄT BONN,1660.0,1330.0,330.0,Unassigned
2025,3,2,Americas,2025,6,LATAM AIRLINES GROUP,9630.0,18230.0,-8600.0,BZFC6A
2025,4,3,Rest of EMEA,2025,6,BANCO BILBAO VIZCAYA ARGENTARIA,0.0,35000.0,-35000.0,02J-T4S
2025,3,2,Americas,2025,7,SALT RIVER PROJ AGRICULTURAL IMPROVEMENT & PWR DIST,20000.0,15400.0,4600.0,Unassigned
2025,3,2,Americas,2025,6,LATAM AIRLINES GROUP,1910.0,0.0,1910.0,BZFC57
2025,3,2,Americas,2025,7,INDUSTRIAL AND COMMERCIAL BANK OF CHINA ICBC,18700.0,13960.0,4740.0,ARCBE2
2025,4,1,Americas,2025,7,ASTEK CANADA INC,10220.0,9130.0,1090.0,Unassigned
2025,3,2,UKI,2025,6,THAMES WATER LTD,19420.0,11270.0,8150.0,UKAIBLL
2025,3,3,Rest of EMEA,2025,6,AOK BUNDESVERBAND,990000.0,610000.0,380000.0,01R-M56
2025,4,2,APAC,2025,7,DBS BANK,0.0,5500.0,-5500.0,01B-7HQ
2025,4,1,Americas,2025,6,TRUIST,205200.0,182070.0,23130.0,WS0KZ
2025,4,3,Americas,2025,7,THE WILLIAMS COS INC,0.0,2310.0,-2310.0,QWI11
2025,3,3,Rest of EMEA,2025,7,UCB,3710.0,3100.0,610.0,01C-MT6
2025,3,1,UKI,2025,7,DEFRA,4370.0,3440.0,930.0,UKAIAPZ
2025,3,2,Americas,2025,6,METRO RICHELIEU,8880.0,6600.0,2280.0,RAMLL
2025,4,3,Americas,2025,6,TELUS COMMUNICATIONS,16060.0,12530.0,3530.0,P25R6
2025,3,3,Americas,2025,6,ERNST & YOUNG LLP,990530.0,570770.0,419760.0,W7SMZ
2025,3,2,Rest of EMEA,2025,6,GRUPO ANTENA 3,72660.0,59650.0,13010.0,Unassigned
2025,3,2,Rest of EMEA,2025,7,STADT WIEN,0.0,0.0,0.0,Unassigned
2025,3,3,Americas,2025,7,ILLUMINA INC,5040.0,3780.0,1260.0,W28QZ
2025,3,1,Rest of EMEA,2025,7,OMV,61600.0,26370.0,35230.0,02D-L38
2025,3,1,APAC,2025,7,RENAULT,16300.0,17760.0,-1460.0,INI7910
2025,4,2,Americas,2025,6,GRUPO SANTANDER,10150.0,12590.0,-2440.0,ARCBEQ
2025,4,1,APAC,2025,7,AMERICAN EXPRESS,316520.0,227610.0,88910.0,INI7820
2025,3,1,Rest of EMEA,2025,6,DEU DEFENSE 3,52140.0,36390.0,15750.0,01T-P8X
2025,3,2,UKI,2025,7,NS&I,0.0,0.0,0.0,UKAHYND
2025,3,2,APAC,2025,7,INNER MONGOLIA YILI INDUSTRIAL GROUP CO. LTD,58370.0,45080.0,13290.0,02H-6TQ
2025,3,1,Americas,2025,6,PLAINS ALL AMERICAN PIPELINE,880530.0,732230.0,148300.0,WR64Z
2025,3,3,Americas,2025,7,VOLKSWAGEN,0.0,4600.0,-4600.0,QNA11
2025,3,3,APAC,2025,7,ERNST & YOUNG LLP,2480.0,4670.0,-2190.0,PHC7277
2025,4,2,APAC,2025,7,"CENCORA, INC",0.0,0.0,0.0,INI8878
2025,4,3,Rest of EMEA,2025,6,IKEA,67140.0,57430.0,9710.0,467BJF3
2025,3,3,Americas,2025,6,DIGI-KEY CORP,125000.0,93750.0,31250.0,Unassigned
2025,3,1,Rest of EMEA,2025,6,CREDITS MUTUELS,112180.0,70320.0,41860.0,01Z-9RN
2025,3,3,Americas,2025,7,SUNCOR ENERGY,32920.0,30940.0,1980.0,RAQMM
2025,3,2,Americas,2025,6,ABBOTT LABORATORIES,0.0,-510.0,510.0,W1LHY
2025,3,1,Rest of EMEA,2025,6,VAISALA OYJ,55000.0,48000.0,7000.0,01X-G1R
2025,3,2,Rest of EMEA,2025,7,HEINEKEN,49350.0,31830.0,17520.0,01Z-3MV
2025,4,1,Americas,2025,7,CANADA - CDN FED,45080.0,36320.0,8760.0,RANVT
2025,4,1,Rest of EMEA,2025,6,PUBLIC SECTOR OF CYPRUS,-2460.0,0.0,-2460.0,01X-DYW
2025,4,3,Americas,2025,6,INDEPENDENT ELECTRICITY SYSTEM OPERATOR,1590.0,560.0,1030.0,RAJWT
2025,3,3,Americas,2025,6,VOLKSWAGEN,4110.0,3040.0,1070.0,WP40Z
2025,3,3,Americas,2025,7,BELL CANADA ENTERPRISES,0.0,0.0,0.0,RAQN7
2025,4,1,Rest of EMEA,2025,6,ENEMALTA CORPORATION,7410.0,35390.0,-27980.0,01R-062
2025,3,2,Rest of EMEA,2025,7,ORIO AB,42440.0,31220.0,11220.0,02C-7SY
2025,3,1,Americas,2025,6,GXO LOGISTICS INC,21130.0,14960.0,6170.0,WK5GZ
2025,3,2,Rest of EMEA,2025,7,BULGARIAN NATIONAL BANK,0.0,0.0,0.0,BG02851
2025,4,1,Rest of EMEA,2025,6,AUDEMARS PIGUET,60000.0,55000.0,5000.0,028-G65
2025,3,1,Americas,2025,6,XENITH BANK,27130.0,20340.0,6790.0,Unassigned
2025,3,2,Americas,2025,7,VALE,20.0,0.0,20.0,BZE68U
2025,4,1,Americas,2025,7,KIMBERLY CLARK CORPORATION,3330.0,2560.0,770.0,Unassigned
2025,3,2,Rest of EMEA,2025,7,CETIN INTERNATIONAL N.V.,5000.0,4000.0,1000.0,Unassigned
2025,3,3,Americas,2025,6,HEINEKEN,203420.0,184270.0,19150.0,BZFD4W
2025,4,3,Americas,2025,7,AMERICAN EXPRESS,6010.0,6530.0,-520.0,WR0CZ
2025,4,2,Americas,2025,7,ALTRIA GROUP,55770.0,36450.0,19320.0,WLQ5Y
2025,3,2,Rest of EMEA,2025,6,HELSE MIDT,79940.0,84070.0,-4130.0,016-WLF
2025,3,3,Rest of EMEA,2025,6,HOFFMANN LA ROCHE AG,17380.0,13990.0,3390.0,02F-VBM
2025,3,2,Americas,2025,7,IT LINK,6810.0,6180.0,630.0,Unassigned
2025,3,1,Americas,2025,7,FORTIS INC,140530.0,132070.0,8460.0,RASJ9
2025,4,2,Americas,2025,7,GRUPO SANTANDER,149760.0,155940.0,-6180.0,W22PZ
2025,4,1,Americas,2025,6,UNITED SERVICES AUTO ASSOC,91340.0,89760.0,1580.0,W05HZ
2025,3,3,Americas,2025,6,TV GLOBO LTDA,8140.0,8300.0,-160.0,BZFDOW
2025,3,3,Rest of EMEA,2025,6,BANCO BILBAO VIZCAYA ARGENTARIA,243390.0,209060.0,34330.0,Unassigned
2025,3,3,Rest of EMEA,2025,6,SEB AG,30000.0,15000.0,15000.0,LT01094
2025,4,1,Americas,2025,6,TELEFONICA,72520.0,48890.0,23630.0,BZFB6C
2025,4,3,Americas,2025,6,STEEL WAREHOUSE CO,0.0,230.0,-230.0,WZ5GZ
2025,3,2,Rest of EMEA,2025,6,PUBLIC SECTOR OF CYPRUS,4300.0,7270.0,-2970.0,CY4450
2025,4,2,Rest of EMEA,2025,6,DEBEKA KRANKENVERSICH,63900.0,46710.0,17190.0,01K-L2D
2025,3,1,Americas,2025,7,CANADIAN PAYMENTS ASSOCIATION,910.0,420.0,490.0,RARBC
2025,3,1,Rest of EMEA,2025,6,BARILLA,0.0,2000.0,-2000.0,023-B1N
2025,4,3,Rest of EMEA,2025,6,GENERAL ELECTRIC,43080.0,26440.0,16640.0,02J-RD7
2025,3,2,Americas,2025,7,LIQUOR CONTROL BOARD ONTARIO,17510.0,16880.0,630.0,RAHFS
2025,3,1,Rest of EMEA,2025,6,UNILEVER,-60.0,0.0,-60.0,GHC1AEF
2025,3,1,Americas,2025,6,NATIONAL OIL WELL VARCO,5020.0,4800.0,220.0,WMG8W
2025,4,3,Rest of EMEA,2025,6,MERCEDES-BENZ GROUP AG,257660.0,206130.0,51530.0,Unassigned
2025,3,2,Americas,2025,7,BP PLC,27460.0,20870.0,6590.0,W20NZ
2025,3,2,Americas,2025,6,CANADA - CDN FED,4440.0,3430.0,1010.0,RAQGR
2025,3,1,Rest of EMEA,2025,7,IKEA,53000.0,41500.0,11500.0,01W-HJX
2025,3,1,Rest of EMEA,2025,6,SOFTWAREONE NETHERLANDS B.V.,0.0,0.0,0.0,Unassigned
2025,3,3,Americas,2025,7,CENTRAL LOUISIANA ELECTRIC CO INC,0.0,0.0,0.0,WCGHW
2025,3,1,UKI,2025,6,VIVO ENERGY INVESTMENTS,49740.0,36620.0,13120.0,UKAIACU
2025,4,1,Rest of EMEA,2025,6,W&W GROUP,21540.0,15540.0,6000.0,01X-69B
2025,3,1,Rest of EMEA,2025,6,ATOS SE,0.0,0.0,0.0,Unassigned
2025,3,3,Rest of EMEA,2025,6,CENTRAL GOV LU,14490.0,0.0,14490.0,01Y-Z5H
2025,3,1,Americas,2025,6,KYNDRYL,4460.0,5220.0,-760.0,BZFDB8
2025,3,3,APAC,2025,7,BANK OF PHILIPPINE ISLANDS,5080.0,4330.0,750.0,PHC7851
2025,3,1,Americas,2025,7,DELOITTE & TOUCHE LLP,30780.0,24030.0,6750.0,W8PTZ
2025,4,3,Americas,2025,7,ITAU UNIBANCO,78230.0,62550.0,15680.0,CHBE9F
2025,3,3,UKI,2025,6,CLSBANK INTERNATIONAL,0.0,0.0,0.0,UKAHSSA
2025,3,2,Americas,2025,6,STATE OF CALIFORNIA,3340.0,2340.0,1000.0,WCJ3Z
2025,3,2,Americas,2025,6,ALTRIA GROUP,30060.0,16840.0,13220.0,W28SY
2025,4,3,Americas,2025,7,NEWMONT CORPORATION,129960.0,100070.0,29890.0,Unassigned
2025,3,2,Americas,2025,6,PFIZER,28880.0,28120.0,760.0,W365Z
2025,3,3,Americas,2025,6,TOYOTA MOTOR CORPORATION,0.0,0.0,0.0,W7F5Z
2025,4,3,Americas,2025,7,BLACK KNIGHT INC,0.0,0.0,0.0,W8N1Z
2025,3,2,Americas,2025,7,STATE OF MARYLAND,730090.0,547560.0,182530.0,Unassigned
2025,4,1,Americas,2025,7,PFIZER,57890.0,32000.0,25890.0,W2D7Z
2025,4,2,Americas,2025,7,VALE,910.0,0.0,910.0,BZE6ND
2025,4,1,Americas,2025,7,KEY EQUIPMENT FINANCE,115140.0,94680.0,20460.0,WKDTY
2025,4,3,Americas,2025,6,WEG SA,15000.0,11250.0,3750.0,Unassigned
2025,3,3,Rest of EMEA,2025,7,FORSVARSMINISTERIET,0.0,0.0,0.0,01Z-MQ6
2025,4,2,Americas,2025,6,AMERICAN EXPRESS,8960.0,9750.0,-790.0,W390Z
2025,3,2,APAC,2025,7,MINISTRY OF HEALTH,155060.0,124050.0,31010.0,SGG1759
2025,3,1,Rest of EMEA,2025,6,BANK PEKAO,42770.0,32660.0,10110.0,02F-85H
2025,3,3,Americas,2025,6,MCKESSON CORPORATION,29750.0,86510.0,-56760.0,WRGQY
2025,3,3,Rest of EMEA,2025,6,ABB,16700.0,13780.0,2920.0,02C-HCP
2025,4,1,Rest of EMEA,2025,6,VIVESCIA,35720.0,26800.0,8920.0,021-8G4
2025,3,1,UKI,2025,7,DSI,91400.0,87870.0,3530.0,UKAHZNA
2025,3,1,Rest of EMEA,2025,6,ERGO GROUP,35800.0,29710.0,6090.0,00K-9BN
2025,3,3,Americas,2025,7,VALE,110.0,0.0,110.0,BZFBGR
2025,3,3,Rest of EMEA,2025,7,SCHWEIZERISCHE EIDGENOSSCHENSCHAFT - BUND,24640.0,11560.0,13080.0,023-GC8
2025,3,2,Rest of EMEA,2025,7,UCB,2000.0,0.0,2000.0,01R-WJC
2025,4,1,Rest of EMEA,2025,6,ELIA,73550.0,52490.0,21060.0,02C-G4V
2025,4,2,Americas,2025,7,STATE OF CALIFORNIA,384230.0,324770.0,59460.0,WD1DZ
2025,4,2,Americas,2025,6,ITAU UNIBANCO,9350.0,8010.0,1340.0,BZFD5P
2025,3,1,APAC,2025,7,ADITYA BIRLA GROUP,1510.0,1040.0,470.0,INI5651
2025,4,1,APAC,2025,7,"ZHEJIANG HUAYOU COBALT CO.,LTD",187500.0,187500.0,0.0,Unassigned
2025,4,3,APAC,2025,7,FIDELITY INTERNATIONAL,24180.0,24580.0,-400.0,INI8732
2025,3,2,Americas,2025,7,GRUPO CIBEST S.A.,4320.0,0.0,4320.0,LOBRBF
2025,3,2,Rest of EMEA,2025,6,EF EDUCATION FIRST,46760.0,33060.0,13700.0,020-CJ8
2025,4,3,Americas,2025,6,UPSTATE NIAGARA COOPERATIVE,49500.0,28930.0,20570.0,W4LNZ
2025,4,1,Americas,2025,7,LUNDIN MINING,55100.0,33660.0,21440.0,RAMVN
2025,3,3,APAC,2025,7,TRINA SOLAR LIMITED,63880.0,43310.0,20570.0,02C-FSM
2025,4,2,Americas,2025,7,CANADIAN PAYMENTS ASSOCIATION,98470.0,61650.0,36820.0,P972R
2025,4,2,Rest of EMEA,2025,6,HELVETIA HOLDING AG,45500.0,33500.0,12000.0,022-ZP7
2025,3,1,Americas,2025,7,KROGER / FRED MEYER,0.0,100.0,-100.0,WMLQZ
2025,3,1,Americas,2025,7,BP PLC,4060.0,750.0,3310.0,ARCBA9
2025,3,3,UKI,2025,6,SMART PENSION LIMITED,35000.0,27650.0,7350.0,Unassigned
2025,3,3,Americas,2025,6,HUBBELL INC,769800.0,592740.0,177060.0,Unassigned
2025,3,1,APAC,2025,7,CENTRAL DEPOSITORY SERVICES,0.0,20970.0,-20970.0,INI0489
2025,4,1,Americas,2025,7,STATE OF CALIFORNIA,93000.0,87200.0,5800.0,WCDRZ
2025,3,3,Rest of EMEA,2025,7,MELEXIS,590.0,390.0,200.0,BG02499
2025,4,2,Rest of EMEA,2025,6,ACCIAIERIE VALBRUNA SPA X,0.0,880.0,-880.0,01X-MFQ
2025,4,1,Americas,2025,7,AT&T,2026760.0,2355400.0,-328640.0,WQKFZ
2025,3,3,UKI,2025,6,"BROTHER INDUSTRIES,LTD.",5040.0,3660.0,1380.0,UKAHJIW
2025,3,1,Rest of EMEA,2025,6,SOUTH AFRICAN RESERVE BANK,30170.0,17900.0,12270.0,ZCAAOF7
2025,4,1,Rest of EMEA,2025,6,"ZHEJIANG GEELY HOLDING GROUP CO., LTD.",23330.0,18660.0,4670.0,Unassigned
2025,4,2,Americas,2025,7,GANNETT,1740.0,500.0,1240.0,W5NLX
2025,4,1,Americas,2025,6,MARRIOTT INTERNATIONAL INC.,133150.0,121730.0,11420.0,W8LSZ
2025,3,1,UKI,2025,6,ANGLIAN WATER GROUP LIMITED,0.0,0.0,0.0,Unassigned
2025,4,2,Americas,2025,7,EMPRESAS CMPC S.A.,130.0,0.0,130.0,CHBE1V
2025,4,1,APAC,2025,7,INDIAN OIL CORPORATION LIMITED MARKETING DIVISION,0.0,2820.0,-2820.0,INI1369
2025,3,2,APAC,2025,7,BMW,0.0,0.0,0.0,01C-VJL
2025,3,2,Americas,2025,7,STATE OF SOUTH CAROLINA,0.0,72430.0,-72430.0,WFDGY
2025,3,1,Rest of EMEA,2025,6,HANSEMERKUR VERSICHERUNGSGRUPPE,4830.0,4010.0,820.0,01C-FXL
2025,3,1,APAC,2025,7,HIGHMARK INC,7130.0,0.0,7130.0,INI7895
2025,4,1,Rest of EMEA,2025,6,IKEA,26000.0,20000.0,6000.0,026-JL3
2025,3,2,Americas,2025,6,GERDAU S.A.,1010.0,0.0,1010.0,BZE8WF
2025,3,1,Rest of EMEA,2025,6,GETIN NOBLE BANK,10880.0,7330.0,3550.0,Unassigned
2025,4,1,Americas,2025,6,INTUIT CORP,93320.0,1420.0,91900.0,WCNSR
2025,3,1,Rest of EMEA,2025,6,KBMAND HERMAN SALLINGS FOND,45000.0,36000.0,9000.0,Unassigned
2025,3,2,Americas,2025,6,ABBOTT LABORATORIES,57970.0,38640.0,19330.0,WRN6Z
2025,3,1,Americas,2025,7,ABBOTT LABORATORIES,166810.0,129730.0,37080.0,W1H9Y
2025,3,3,Rest of EMEA,2025,7,KONINKLIJKE AHOLD DELHAIZE N.V.,194000.0,155200.0,38800.0,Unassigned
2025,3,2,Americas,2025,6,GRUPO SUPERVIELLE S.A.,9340.0,5600.0,3740.0,ARCAZ9
2025,4,1,Americas,2025,7,BELL CANADA ENTERPRISES,66660.0,57660.0,9000.0,P62XS
2025,3,3,Rest of EMEA,2025,6,RCS MEDIAGROUP,13880.0,11320.0,2560.0,Unassigned
2025,3,3,Americas,2025,7,FLORIDA POWER & LIGHT GROUP,0.0,98940.0,-98940.0,W2L6Z
2025,3,2,Americas,2025,6,GRUPO AVAL ACCIONES Y VALORES S.A,2890.0,1950.0,940.0,LOBQ46
2025,3,2,Americas,2025,7,AMERICAN ELECTRIC POWER,163960.0,125060.0,38900.0,WDL9Z
2025,4,2,Rest of EMEA,2025,6,GERMAN PENSION INSURANCE (DRV),70000.0,42000.0,28000.0,01S-B8P
2025,4,2,Americas,2025,7,VALE,0.0,280.0,-280.0,BZFBWW
2025,4,1,Americas,2025,7,STATE OF NORTH CAROLINA,12750.0,6150.0,6600.0,WRSJZ
2025,3,3,APAC,2025,7,DEFENCE SCIENCE AND TECHNOLOGY AGENCY,520690.0,307760.0,212930.0,SGH0057
2025,3,2,Rest of EMEA,2025,6,PREVIDENZA E SALUTE,33460.0,14000.0,19460.0,02C-8LY
2025,4,3,Americas,2025,6,UNITED SERVICES AUTO ASSOC,83800.0,82880.0,920.0,WK6HZ
2025,3,2,Americas,2025,7,PLANNED PARENTHOOD FEDERATION OF AMERICA,2630.0,530.0,2100.0,WN89Z
2025,4,3,Americas,2025,7,CANADA - CDN FED,0.0,0.0,0.0,RARHQ
2025,3,3,Rest of EMEA,2025,6,EUROPEAN INSTITUTIONS,106880.0,37730.0,69150.0,02D-1NC
2025,4,1,Rest of EMEA,2025,6,DEU DEFENSE 2,0.0,0.0,0.0,00T-M3D
2025,3,2,UKI,2025,6,DSI,6490.0,0.0,6490.0,UKAHWPZ
2025,4,1,Rest of EMEA,2025,6,EB TRUST COMPANY SRL,29210.0,8240.0,20970.0,02F-R64
2025,3,3,Americas,2025,6,THE COOPER COMPANIES INC,9500.0,5700.0,3800.0,WDH8Z
2025,3,1,Americas,2025,7,GOVERNMENT OF NOVA SCOTIA,58510.0,24520.0,33990.0,RACPM
2025,4,2,Americas,2025,7,FEMSA,1090.0,440.0,650.0,MXA2H6
2025,3,3,UKI,2025,7,UISCE EIREANN,13260.0,9530.0,3730.0,IR11888
2025,4,2,Rest of EMEA,2025,6,OMRON CORPORATION,5500.0,5500.0,0.0,01T-FRN
2025,3,3,Americas,2025,7,INTERNATIONAL VITAMIN CORPORATION,4000.0,3000.0,1000.0,Unassigned
2025,3,2,Americas,2025,7,MICRON TECHNOLOGY INC,176830.0,4510.0,172320.0,WMGRZ
2025,4,3,Americas,2025,7,PFIZER,64360.0,61890.0,2470.0,W40FY
2025,3,1,Americas,2025,7,GANDER MOUNTAIN CO,32910.0,30000.0,2910.0,WSGRZ
2025,3,3,Americas,2025,6,OLYMEL S.E.C,23330.0,17500.0,5830.0,Unassigned
2025,3,3,Americas,2025,6,EDISON INTERNATIONAL,52490.0,41460.0,11030.0,W50GZ
2025,4,3,UKI,2025,6,AN POST,20390.0,13000.0,7390.0,IR11696
2025,3,1,Americas,2025,7,PROVINCE OF SASKATCHEWAN,0.0,0.0,0.0,RAQAY
2025,4,3,APAC,2025,7,TAIWAN FINANCIAL HOLDINGS,1890.0,680.0,1210.0,TWCQ2RL
2025,3,2,UKI,2025,7,UNILEVER,544080.0,373050.0,171030.0,UKAHMOK
2025,4,3,APAC,2025,7,MERCEDES-BENZ GROUP AG,108140.0,108140.0,0.0,Unassigned
2025,3,3,Rest of EMEA,2025,6,ELECTROLUX,6440.0,8230.0,-1790.0,01T-SJ1
2025,4,1,Americas,2025,7,CHUBB & SON,27000.0,22110.0,4890.0,W32DZ
2025,3,2,Americas,2025,6,"EQUITABLE HOLDINGS, INC.",0.0,8380.0,-8380.0,QAXAE
2025,4,1,Americas,2025,7,DEBEVOISE & PLIMPTON LLP,3250.0,2000.0,1250.0,WDMGY
2025,4,3,Rest of EMEA,2025,6,IGS INFORMATIKGESELLSCHAFT FÜR SOZIALVERSICHERUNGEN GMBH,0.0,18390.0,-18390.0,01L-CY5
2025,4,2,Rest of EMEA,2025,6,AVIATION SERVICES COMPANY,131880.0,101690.0,30190.0,SAC1CPA
2025,4,3,APAC,2025,7,AMADEUS,166630.0,166630.0,0.0,Unassigned
2025,4,3,Americas,2025,6,BELL CANADA ENTERPRISES,51450.0,43540.0,7910.0,RARXH
2025,3,3,Americas,2025,7,JUNIPER NETWORK INC,196040.0,329350.0,-133310.0,W641V
2025,3,3,Americas,2025,6,BIO RAD,25720.0,17360.0,8360.0,W46KZ
2025,3,2,Rest of EMEA,2025,6,PUBLIC SECTOR OF CYPRUS,640.0,0.0,640.0,02F-0ZW
2025,3,3,Americas,2025,7,STATE OF GEORGIA,0.0,0.0,0.0,WPZRY
2025,3,2,Americas,2025,6,AB GOVERNMENT/MINISTRIES,0.0,0.0,0.0,P75SZ
2025,3,3,Rest of EMEA,2025,7,AVOLTA,0.0,0.0,0.0,028-G4D
2025,3,3,Rest of EMEA,2025,7,FOSUN INTERNATIONAL LIMITED,100000.0,80000.0,20000.0,Unassigned
2025,4,1,Americas,2025,7,AMERICAN ELECTRIC POWER,0.0,0.0,0.0,WA79Z
2025,3,2,Americas,2025,6,AMERICAN EXPRESS,35500.0,40780.0,-5280.0,WR25Z
2025,3,1,Rest of EMEA,2025,6,THE HAVI GROUP,4270.0,1110.0,3160.0,01T-NN9
2025,3,1,Rest of EMEA,2025,7,DAVIDE CAMPARI MILANO SPA,17910.0,14770.0,3140.0,02C-5GT
2025,3,1,UKI,2025,6,NATIONAL GRID TRANSCO PLC,22670.0,16440.0,6230.0,UKAIBSF
2025,3,3,Americas,2025,7,TRUIST,165200.0,194170.0,-28970.0,WJF0Z
2025,3,3,APAC,2025,7,DBS BANK,118190.0,107730.0,10460.0,SGG9991
2025,3,2,Rest of EMEA,2025,6,FLUVIUS,203550.0,159950.0,43600.0,012-BXD
2025,4,2,Americas,2025,6,BANK OF AMERICA,19200.0,20000.0,-800.0,WSQKZ
2025,4,1,Americas,2025,6,TRANSPORTADORA DE GAS DEL SUR SA,0.0,0.0,0.0,Unassigned
2025,3,1,APAC,2025,7,SERUM INSTITUTE OF INDIA LTD,11770.0,9730.0,2040.0,INI6442
2025,3,1,Rest of EMEA,2025,6,MEDICAL TECHNOLOGY AND DEVICES SPA,3250.0,2160.0,1090.0,02G-DXJ
2025,3,3,Americas,2025,6,ALTRIA GROUP,15620.0,12410.0,3210.0,WFG2Z
2025,3,3,Americas,2025,7,"YETI HOLDINGS, INC.",15550.0,13770.0,1780.0,W40RZ
2025,4,2,Americas,2025,6,HONDA MOTOR,48150.0,26440.0,21710.0,W7H0Y
2025,4,2,Americas,2025,7,JUNIPER NETWORK INC,10250.0,10150.0,100.0,W90ZX
2025,3,3,APAC,2025,7,HONDA MOTOR,0.0,0.0,0.0,INI9189
2025,3,2,Americas,2025,6,"ZSCALER, INC.",67500.0,51970.0,15530.0,Unassigned
2025,3,2,Americas,2025,7,BIO RAD,76610.0,52890.0,23720.0,W48ZZ
2025,3,2,Americas,2025,7,VALE,110.0,0.0,110.0,BZFBGR
2025,4,1,APAC,2025,7,TATA AIA LIFE INSURANCE COMPANY LIMITED,11970.0,2920.0,9050.0,INI6610
2025,3,2,UKI,2025,6,UISCE EIREANN,28620.0,18280.0,10340.0,IR11820
2025,3,3,Rest of EMEA,2025,7,IKEA,2300.0,1840.0,460.0,02J-F28
2025,4,1,Americas,2025,7,THE KRAFT HEINZ COMPANY,17250.0,6970.0,10280.0,W5Q1Z
2025,4,1,UKI,2025,6,THE SOCIETY OF LLOYDS,110820.0,79620.0,31200.0,UKAGYTH
2025,4,2,Americas,2025,6,VOLKSWAGEN,167900.0,145130.0,22770.0,W3KHX
2025,3,1,APAC,2025,7,INDIAN OIL CORPORATION LIMITED MARKETING DIVISION,25450.0,15620.0,9830.0,INI4336
2025,3,3,Americas,2025,6,STATE OF NEW YORK,33960.0,21980.0,11980.0,W500Z
2025,3,1,Americas,2025,7,HERC RENTALS INC,60810.0,53990.0,6820.0,WFSSZ
2025,3,3,Rest of EMEA,2025,6,PUBLIC POWER CORPORATION S.A.,109700.0,87760.0,21940.0,Unassigned
2025,3,1,Rest of EMEA,2025,6,RAIFFEISEN SOFTWARE GMBH,8330.0,6660.0,1670.0,Unassigned
2025,3,1,Americas,2025,7,CANADIAN PAYMENTS ASSOCIATION,2100.0,1380.0,720.0,RAP52
2025,3,2,Americas,2025,6,INTERCORP PERU LTD,1990.0,3560.0,-1570.0,RUBDKP
2025,4,1,UKI,2025,6,VRC HOLDING CORPORATION,22220.0,17550.0,4670.0,Unassigned
2025,4,3,Americas,2025,7,AB GOVERNMENT/MINISTRIES,12960.0,7370.0,5590.0,RAL61
2025,3,1,Americas,2025,7,CONSOLIDATED COMMUNICATIONS INC,0.0,0.0,0.0,Unassigned
2025,4,1,Americas,2025,7,ABBVIE,1312800.0,984620.0,328180.0,Unassigned
2025,4,2,Rest of EMEA,2025,6,HOSPITALS DUTCH,470760.0,394060.0,76700.0,E027921
2025,3,2,Americas,2025,6,CHUBB & SON,765400.0,574060.0,191340.0,Unassigned
2025,3,1,Americas,2025,7,PLANNED PARENTHOOD FEDERATION OF AMERICA,18190.0,10650.0,7540.0,WN9FZ
2025,3,3,Rest of EMEA,2025,7,FINCONTINUO SPA,1000.0,0.0,1000.0,Unassigned
2025,4,2,APAC,2025,7,HONG KONG TRADE DEVELOPMENT COUNCIL,10530.0,7170.0,3360.0,HKCQ0S4
2025,3,1,Americas,2025,6,COSTCO,28920.0,11700.0,17220.0,WNNQZ
2025,3,1,Americas,2025,6,STATE OF TEXAS,165100.0,131280.0,33820.0,WP1QY
2025,3,3,APAC,2025,7,ADITYA BIRLA GROUP,1510.0,1470.0,40.0,INI5651
2025,3,1,Rest of EMEA,2025,6,DAIMLER MERCEDES-BENZ,40000.0,45000.0,-5000.0,01Q-PVB
2025,4,3,Americas,2025,6,COMPANIA DE FINANCIAMIENTO TUYA S A,2540.0,2240.0,300.0,LOBQWG
2025,4,1,APAC,2025,7,"CHUNJAE TEXTBOOK CO.,LTD.",0.0,0.0,0.0,Unassigned
2025,3,3,Americas,2025,6,STATE OF NEBRASKA,655580.0,491680.0,163900.0,Unassigned
2025,4,1,Americas,2025,7,VALE,29070.0,24600.0,4470.0,BZFBU9
2025,4,2,Americas,2025,6,SCOTIA BANK,338280.0,543240.0,-204960.0,RABZ1
2025,4,2,APAC,2025,7,HDFC BANK,460150.0,460150.0,0.0,Unassigned
2025,3,3,Americas,2025,6,ITAU UNIBANCO,139120.0,82110.0,57010.0,CHBEYZ
2025,4,3,Americas,2025,6,KYNDRYL,540.0,330.0,210.0,W50NZ
2025,4,2,Americas,2025,7,THOMSON REUTERS,4630.0,3520.0,1110.0,WZFCZ
2025,4,2,Americas,2025,6,AT&T,375330.0,400290.0,-24960.0,WBQKW
2025,4,1,Americas,2025,6,IGUA SANEAMENTO S/A,30180.0,22360.0,7820.0,BZFDX8
2025,4,3,Rest of EMEA,2025,6,UCB,158600.0,257080.0,-98480.0,00X-D8S
2025,3,3,Rest of EMEA,2025,6,UNILEVER,6550.0,7160.0,-610.0,02J-B7X
2025,3,2,Americas,2025,7,UPSTATE NIAGARA COOPERATIVE,1077430.0,808070.0,269360.0,W4Q5Z
2025,3,2,Americas,2025,7,DELTA AIRLINES,391630.0,390870.0,760.0,W32TY
2025,3,1,UKI,2025,6,KEMBLE WATER HOLDINGS LIMITED,351900.0,271410.0,80490.0,Unassigned
2025,3,3,UKI,2025,7,SCOTTISH GOV,0.0,0.0,0.0,UKAIAYC
2025,4,2,Rest of EMEA,2025,6,CANTIERI NAVALI ITALIANI SPA,76380.0,60000.0,16380.0,02F-5LZ
2025,4,2,APAC,2025,7,PARLE BISLERI PVT LTD,5260.0,2360.0,2900.0,INI5347
2025,3,3,UKI,2025,7,KPMG LLP,0.0,5110.0,-5110.0,UKAHWQH
2025,3,1,Americas,2025,6,GOOGLE INC,26570.0,20250.0,6320.0,W993W
2025,3,1,UKI,2025,6,CLSBANK INTERNATIONAL,60610.0,60850.0,-240.0,UKAHSSD
2025,3,1,Americas,2025,7,FISERV,80280.0,162490.0,-82210.0,W3L2Z
2025,3,2,Rest of EMEA,2025,6,LD KRANKENHILFE,3140.0,0.0,3140.0,012-LBP
2025,3,3,Americas,2025,7,EMPRESAS CMPC S.A.,1200.0,0.0,1200.0,CHBE1F
2025,4,1,Americas,2025,6,BANCO DEL ESTADO DE CHILE,14690.0,10620.0,4070.0,CHBFDF
2025,3,1,UKI,2025,6,CLSBANK INTERNATIONAL,6040.0,0.0,6040.0,UKAHSRF
2025,4,3,Americas,2025,6,ONTARIO TRANSPORTATION,2550.0,2550.0,0.0,RAL4W
2025,4,2,Americas,2025,7,MAPLEBEAR INC,122760.0,134130.0,-11370.0,WTGLZ
2025,4,1,Americas,2025,6,SHELL PLC,57060.0,38980.0,18080.0,W101Z
2025,4,2,Americas,2025,6,NYU MEDICAL CENTER / HOSPITAL,0.0,0.0,0.0,Unassigned
2025,3,2,Rest of EMEA,2025,6,GENERAL ELECTRIC,11460.0,7850.0,3610.0,PD00023
2025,3,3,Americas,2025,6,PFIZER,27010.0,21380.0,5630.0,WZ1CZ
2025,3,2,APAC,2025,7,PEPSICO (PEPSI-COLA INTL),41960.0,36230.0,5730.0,INI6992
2025,4,3,Rest of EMEA,2025,6,GERMAN PENSION INSURANCE (DRV),57500.0,27000.0,30500.0,01Z-YK1
2025,3,2,Americas,2025,7,THE KRAFT HEINZ COMPANY,42000.0,30660.0,11340.0,WNZ2X
2025,4,1,Americas,2025,7,BANK OF MONTREAL,105970.0,70710.0,35260.0,RAP14
2025,4,2,Americas,2025,7,PEPSICO (PEPSI-COLA INTL),26790.0,21440.0,5350.0,MXA219
2025,4,1,Americas,2025,7,PLUSPETROL NORTE S.A.,6020.0,2780.0,3240.0,ARCAZN
2025,3,2,Americas,2025,6,GOVERNMENT OF NOVA SCOTIA,0.0,650.0,-650.0,RARKC
2025,3,1,Americas,2025,6,HONDA MOTOR,2670.0,1430.0,1240.0,W82DY
2025,4,1,Americas,2025,7,SEMPRA ENERGY,226540.0,165020.0,61520.0,W3H6Y
2025,4,3,Americas,2025,6,AMERICAN IRON & METAL CO,0.0,0.0,0.0,RARNS
2025,4,1,UKI,2025,6,HOME OFFICE UK,28870.0,23410.0,5460.0,UKAIBRD
2025,3,2,Americas,2025,7,AMERICAN FIDELITY CORP,20030.0,17420.0,2610.0,WPF5Y
2025,3,1,Americas,2025,6,LUMEN TECHNOLOGIES,189520.0,155210.0,34310.0,W33HY
2025,3,2,Rest of EMEA,2025,6,AOK NORDWEST,9300.0,11830.0,-2530.0,01K-KR5
2025,3,2,Rest of EMEA,2025,6,VOLKSWAGEN,375000.0,360000.0,15000.0,ZE17811
2025,4,3,Rest of EMEA,2025,6,ALPHA BANK,63360.0,32920.0,30440.0,02C-9QC
2025,3,1,Americas,2025,7,HK HOLDINGS LIMITED,0.0,0.0,0.0,Unassigned
2025,3,1,Americas,2025,7,REPUBLICA FEDERATIVA DO BRASIL (FEDERATIVE REPUBLIC OF BRAZIL),28720.0,25300.0,3420.0,BZFAMU
2025,4,3,APAC,2025,7,FWD,1060.0,580.0,480.0,HKCQ0PS
2025,4,3,APAC,2025,7,MEGA INTERNATIONAL COMM BANK,45360.0,30750.0,14610.0,TWCQ3LF
2025,4,1,Americas,2025,7,ABBOTT LABORATORIES,4800.0,0.0,4800.0,W9FLZ
2025,3,3,Americas,2025,7,KYOCERA CORPORATION,21620.0,17240.0,4380.0,WC7RU
2025,3,1,Rest of EMEA,2025,6,INDENRIGS- OG SUNDHEDSMINISTERIET,790.0,620.0,170.0,787BR9S
2025,4,3,Americas,2025,6,BRIGHTSPEED,1380680.0,1144580.0,236100.0,W4ZZZ
2025,4,3,UKI,2025,6,HM REVENUE & CUSTOMS,3369990.0,2662290.0,707700.0,Unassigned
2025,4,1,Rest of EMEA,2025,6,A2A,4580.0,3320.0,1260.0,01Y-8BY
2025,3,1,Rest of EMEA,2025,6,METROPOLITAN GENERAL,15000.0,11500.0,3500.0,GR11823
2025,4,3,Americas,2025,6,SUNCOR ENERGY,22170.0,12990.0,9180.0,RARVV
2025,3,1,Americas,2025,6,CARNIVAL CORP,1239290.0,945170.0,294120.0,W03QX
2025,4,3,UKI,2025,6,DSI,493720.0,470210.0,23510.0,UKAIBKF
2025,4,3,Rest of EMEA,2025,6,"CEZ, A. S.",11800.0,8500.0,3300.0,ZE17453
2025,3,3,APAC,2025,7,MINISTRY OF HEALTH,463420.0,463420.0,0.0,Unassigned
2025,4,2,Rest of EMEA,2025,6,DEU DEFENSE 2,141800.0,95890.0,45910.0,025-KQF
2025,3,2,APAC,2025,7,STATE BANK OF INDIA,82360.0,5840.0,76520.0,INI8275
2025,4,1,Americas,2025,6,CLARIVATE,249990.0,192490.0,57500.0,Unassigned
2025,4,3,Rest of EMEA,2025,6,MINISTERIES NEDERLAND,112450.0,24170.0,88280.0,02J-LSM
2025,3,3,Americas,2025,7,ITAU UNIBANCO,12350.0,0.0,12350.0,BZEYBA
2025,3,3,Americas,2025,7,CENTERPOINT ENERGY INC,8600.0,6620.0,1980.0,Unassigned
2025,3,1,UKI,2025,6,FINASTRA,46150.0,33150.0,13000.0,UKAIBTU
2025,4,2,Rest of EMEA,2025,6,BLUE BRIDGE BALTIC UAB,12500.0,10000.0,2500.0,Unassigned
2025,3,3,UKI,2025,7,HEALTH SERVICE EXECUTIVE,28840.0,22950.0,5890.0,IR11010
2025,4,3,APAC,2025,7,"HUNAN ZHONGWEI HOLDING GROUP CO., LTD.",13310.0,10540.0,2770.0,025-H2W
2025,4,3,Americas,2025,7,GENERAL MOTORS,138610.0,101930.0,36680.0,W2Z2Z
2025,4,1,Rest of EMEA,2025,6,LD KRANKENHILFE,7580.0,4530.0,3050.0,01L-MR5
2025,4,2,Americas,2025,6,AIR CANADA / AIMIA,67550.0,52300.0,15250.0,RAQCH
2025,4,2,Americas,2025,7,STATE OF MISSOURI,560.0,360.0,200.0,WT11Z
2025,3,2,Americas,2025,7,BROADRIDGE FINANCIAL SOLUTIONS,29240.0,25900.0,3340.0,W5PTX
2025,3,1,Americas,2025,7,LUMEN TECHNOLOGIES,47040.0,29500.0,17540.0,W25DZ
2025,3,1,Rest of EMEA,2025,6,HELIOS,6250.0,4350.0,1900.0,SI03980
2025,3,1,Americas,2025,7,UNITED SERVICES AUTO ASSOC,21430.0,15590.0,5840.0,W5Q4Z
2025,3,3,Rest of EMEA,2025,7,HEINEKEN,101870.0,0.0,101870.0,02C-Y3G
2025,3,1,Americas,2025,6,ALBERTSONS COMPANIES INC,118750.0,0.0,118750.0,W75RZ
2025,3,2,Americas,2025,7,TRUIST,344360.0,348950.0,-4590.0,WJFRZ
2025,3,3,Rest of EMEA,2025,7,FORSVARSDEPARTEMENTET (NORVEGIAN DEFENCE),41620.0,43970.0,-2350.0,01X-FD8
2025,3,1,Americas,2025,7,AMERICAN EXPRESS,223170.0,261010.0,-37840.0,WRZ3Z
2025,4,1,Americas,2025,6,GREATER TORONTO AIRPORTS AUTHORITY,349050.0,261790.0,87260.0,Unassigned
2025,3,1,Americas,2025,6,KYNDRYL,8080.0,8730.0,-650.0,W968Y
2025,3,1,Americas,2025,6,RAYMOND JAMES,13950.0,9650.0,4300.0,W0MKZ
2025,4,2,Americas,2025,7,PFIZER,64360.0,51580.0,12780.0,W40FY
2025,3,2,Rest of EMEA,2025,6,HEINEKEN,0.0,0.0,0.0,02D-Y70
2025,3,1,Rest of EMEA,2025,6,CORREOS,53400.0,53960.0,-560.0,02F-06J
2025,3,1,Americas,2025,7,BPS - BANCO DE PREVISION SOCIAL,0.0,278600.0,-278600.0,URAEZ2
2025,3,1,Americas,2025,6,TV GLOBO LTDA,29170.0,6640.0,22530.0,BZFDOW
2025,3,3,Americas,2025,6,GENERAL ELECTRIC,335000.0,257950.0,77050.0,Unassigned
2025,3,1,Rest of EMEA,2025,6,VOLKSWAGEN,0.0,35000.0,-35000.0,ZE17828
2025,3,3,Rest of EMEA,2025,6,UCB,20260.0,20710.0,-450.0,E047733
2025,3,1,Rest of EMEA,2025,6,SEB AG,29300.0,15000.0,14300.0,LT01094
2025,3,2,Americas,2025,6,BANK OF MONTREAL,5390.0,8990.0,-3600.0,RARQM
2025,4,3,Americas,2025,6,AMERICAN ELECTRIC POWER,66250.0,49500.0,16750.0,WLPLZ
2025,4,3,Americas,2025,7,TRUIST,45210.0,53830.0,-8620.0,WZ4HZ
2025,3,3,Americas,2025,7,BLUE CROSS BLUE SHIELD OF MASSACHUSETTES,3010.0,-8700.0,11710.0,WRQ0Z
2025,4,2,Rest of EMEA,2025,6,DEUTSCHE POST DHL,18840.0,14640.0,4200.0,027-X5M
2025,4,2,Americas,2025,6,UNITED SERVICES AUTO ASSOC,36460.0,30910.0,5550.0,WNQSZ
2025,4,2,APAC,2025,7,MERCEDES-BENZ GROUP AG,108140.0,108140.0,0.0,Unassigned
2025,4,1,Americas,2025,7,AMERICAN ELECTRIC POWER,155530.0,125620.0,29910.0,WLPGZ
2025,4,2,Americas,2025,6,STATE OF FLORIDA,208040.0,175890.0,32150.0,WRM8Y
2025,3,3,Rest of EMEA,2025,7,RAIFFEISEN BANK INTERNATIONAL AG,43890.0,32200.0,11690.0,ZE17764
2025,4,3,Americas,2025,6,BANK OF MONTREAL,0.0,0.0,0.0,RARJ2
2025,3,2,Americas,2025,7,CEMIG - COMPANHIA ENERGETICA DE MINAS GERAIS,2620.0,1570.0,1050.0,BZE8L3
2025,3,2,Americas,2025,6,PLAINS ALL AMERICAN PIPELINE,15620.0,9960.0,5660.0,W36GZ
2025,3,1,Americas,2025,7,FLORIDA POWER & LIGHT GROUP,13750.0,3480.0,10270.0,W7RQZ
2025,3,1,UKI,2025,6,CURRYS PLC,85610.0,41550.0,44060.0,UKAHPWC
2025,3,1,Rest of EMEA,2025,7,MASTERCARD/EUROPAY U.K. LIMITED,0.0,0.0,0.0,Unassigned
2025,3,1,Americas,2025,7,TELEFONICA,6340.0,0.0,6340.0,LOBQ61
2025,3,3,Americas,2025,6,PFIZER,33800.0,17880.0,15920.0,W20KZ
2025,3,1,APAC,2025,7,XUZHOU CONSTRUCTION MACHINERY GROUP,3770.0,0.0,3770.0,01X-LVS
2025,4,3,UKI,2025,6,HOME OFFICE UK,5047100.0,3744050.0,1303050.0,UKAHZIF
2025,3,1,Americas,2025,6,CHAUSSURES ALDO INC,215550.0,161650.0,53900.0,Unassigned
2025,4,1,Americas,2025,6,"AECOM MANAGEMENT SERVICES, INC.",50000.0,38500.0,11500.0,Unassigned
2025,4,3,Americas,2025,6,MCCANN / INTERPUBLIC GROUP,23050.0,19730.0,3320.0,W395Z
2025,3,2,Americas,2025,7,ALGONQUIN POWER CORPORATION,10880.0,7810.0,3070.0,W742Z
2025,3,3,Rest of EMEA,2025,6,K.P.N.,0.0,1010.0,-1010.0,026-V5L
2025,4,2,Americas,2025,7,MCCAIN FOODS,2080.0,1390.0,690.0,RAP9H
2025,4,3,UKI,2025,6,INTACT INSURANCE,53370.0,49590.0,3780.0,UKAHYUZ
2025,3,1,APAC,2025,7,INNER MONGOLIA YILI INDUSTRIAL GROUP CO. LTD,6200.0,1940.0,4260.0,02J-2P0
2025,4,1,Rest of EMEA,2025,6,ENI GROUP,34300.0,4180.0,30120.0,029-DGW
2025,3,3,UKI,2025,6,CAMBRIDGE RETAIL GROUP HOLDING LIMITED,171020.0,135100.0,35920.0,Unassigned
2025,3,2,Rest of EMEA,2025,6,DEU DEFENSE 2,0.0,0.0,0.0,02F-W5N
2025,3,2,Rest of EMEA,2025,6,CANTIERI NAVALI ITALIANI SPA,16110.0,8630.0,7480.0,02C-DMV
2025,4,1,APAC,2025,7,TAIWAN MOBILE CO LTD,9860.0,7160.0,2700.0,TWCQ2S8
2025,4,2,Americas,2025,7,CANADIAN IMPERIAL BANK OF COMMERCE CIBC,44830.0,38030.0,6800.0,RARW9
2025,4,3,Americas,2025,6,NEBRASKA PUBLIC POWER DISTRICT,21340.0,17950.0,3390.0,WR45X
2025,4,3,Americas,2025,7,QUEBEC GOVT,0.0,0.0,0.0,RASMS
2025,3,2,Rest of EMEA,2025,6,UNIPOL,0.0,0.0,0.0,01X-LGW
2025,3,2,APAC,2025,7,SUZUKI MOTOR CORPORATION,0.0,34890.0,-34890.0,INI7533
2025,4,3,UKI,2025,6,PANAUST INVESTMENTS,129160.0,102040.0,27120.0,Unassigned
2025,4,1,Rest of EMEA,2025,6,BKKS,250.0,0.0,250.0,01X-1XZ
2025,4,3,Americas,2025,7,CEMEX,19640.0,12810.0,6830.0,WSKSX
2025,4,2,APAC,2025,7,AUS AND NZ BANKING GROUP,0.0,0.0,0.0,INI8369
2025,3,2,Rest of EMEA,2025,6,EUROPEAN INSTITUTIONS,0.0,0.0,0.0,02D-NVH
2025,4,1,Rest of EMEA,2025,6,AGNATEN SE,56660.0,45330.0,11330.0,Unassigned
2025,4,1,Americas,2025,6,LATAM AIRLINES GROUP,4560.0,3940.0,620.0,BZFC5P
2025,3,3,Americas,2025,6,PONTELAND DISTRIBUICAO SA,84790.0,305110.0,-220320.0,BZFC6R
2025,4,3,Americas,2025,7,"YETI HOLDINGS, INC.",19440.0,17210.0,2230.0,W40RZ
2025,4,2,Rest of EMEA,2025,6,DANISH AGRO A.M.B.A,0.0,10550.0,-10550.0,018-T68
2025,4,1,Rest of EMEA,2025,6,DANSKE BANK,20560.0,8190.0,12370.0,02C-FT0
2025,4,1,Americas,2025,7,SIEMENS,69400.0,53440.0,15960.0,Unassigned
2025,3,3,UKI,2025,7,BARCLAYS BANK PLC,72370.0,64450.0,7920.0,UKAHTZX
2025,4,1,Americas,2025,7,RIVIAN AUTOMOTIVE,83310.0,64150.0,19160.0,Unassigned
2025,4,3,Americas,2025,6,AMERICAN EXPRESS,10040.0,8910.0,1130.0,WQKJZ
2025,4,2,Americas,2025,7,OLYMEL S.E.C,233330.0,174990.0,58340.0,Unassigned
2025,3,1,Rest of EMEA,2025,7,SCHWEIZERISCHE EIDGENOSSCHENSCHAFT - BUND,200.0,0.0,200.0,00X-9XQ
2025,4,1,Americas,2025,7,FLORIDA POWER & LIGHT GROUP,72130.0,58140.0,13990.0,W5PGZ
2025,3,1,Americas,2025,7,PAYPAL,248000.0,223490.0,24510.0,WFTHZ
2025,4,2,Americas,2025,7,CANADIAN IMPERIAL BANK OF COMMERCE CIBC,5550.0,1860.0,3690.0,RAQZJ
2025,4,2,Americas,2025,6,HONDA MOTOR,89490.0,55000.0,34490.0,WB0LZ
2025,4,2,Rest of EMEA,2025,6,GRUPO SANTANDER,76600.0,74400.0,2200.0,026-Y25
2025,4,2,Americas,2025,7,METLIFE,0.0,0.0,0.0,WC5TY
2025,4,1,APAC,2025,7,AXA,72990.0,45990.0,27000.0,HKCQ0NU
2025,3,1,Rest of EMEA,2025,6,DEBEKA KRANKENVERSICH,4240.0,2920.0,1320.0,01D-6FF
2025,3,1,Americas,2025,7,ABBOTT LABORATORIES,42520.0,29280.0,13240.0,W4JSZ
2025,3,1,Americas,2025,6,AHOLD DELHAIZE,139600.0,151560.0,-11960.0,W42GZ
2025,4,1,Americas,2025,6,"CLEAN HARBORS, INC",21660.0,16680.0,4980.0,Unassigned
2025,3,3,Americas,2025,6,TWITTER INC,265000.0,-48580.0,313580.0,W76LT
2025,3,2,Rest of EMEA,2025,7,BPCE,0.0,42850.0,-42850.0,D244458
2025,4,3,Americas,2025,6,"SHIFT4 PAYMENTS, INC.",41660.0,32080.0,9580.0,Unassigned
2025,3,1,Americas,2025,7,AMERICAN EXPRESS,4390.0,4710.0,-320.0,WR3NZ
2025,4,3,UKI,2025,6,SHELL PLC,475010.0,421180.0,53830.0,UKAHUHC
2025,4,2,Americas,2025,6,MCKESSON CORPORATION,72100.0,88920.0,-16820.0,WM13Y
2025,4,2,Americas,2025,6,AT&T,210560.0,157710.0,52850.0,W4TGZ
2025,3,3,Rest of EMEA,2025,6,BMW,44410.0,42280.0,2130.0,01Z-WYQ
2025,4,1,Americas,2025,7,CHUBB & SON,4710.0,4160.0,550.0,W28GZ
2025,3,2,Rest of EMEA,2025,6,"PDM E FC - PROJECTO, DESENVOLVIMENTO, MANUTENCAO, FORMACAO E CONSULTADORIA, S.A.",1090.0,670.0,420.0,Unassigned
2025,3,3,Rest of EMEA,2025,6,PUBLIC INVESTMENT FUND,58400.0,41570.0,16830.0,SAC1C1B
2025,4,3,Rest of EMEA,2025,6,AZIENDA MUNICIPALE AMBIENTE AMA,0.0,2410.0,-2410.0,02D-XQ9
2025,4,2,Rest of EMEA,2025,6,FORD,7570.0,5520.0,2050.0,01X-7HS
2025,4,2,Americas,2025,7,STATE OF TENNESSEE,278730.0,216470.0,62260.0,WS3DY
2025,4,2,Rest of EMEA,2025,6,MAADEN SAUDI ARABIAN MINING CO.,42970.0,35240.0,7730.0,SAC1C03
2025,4,1,Americas,2025,6,"CENCORA, INC",350000.0,195000.0,155000.0,WSL1Z
2025,4,2,Americas,2025,6,ITAU UNIBANCO,1132380.0,851850.0,280530.0,Unassigned
2025,3,1,Americas,2025,6,RYAN LLC,75340.0,55220.0,20120.0,W5L6Y
2025,3,3,UKI,2025,7,Unassigned,-2167650.0,-1258850.0,-908800.0,Unassigned
2025,3,2,Rest of EMEA,2025,6,HERMES,7030.0,5990.0,1040.0,02H-KZJ
2025,4,2,Americas,2025,7,PFIZER,20980.0,13510.0,7470.0,W799Z
2025,4,2,Americas,2025,7,VALE,70.0,0.0,70.0,BZE6M7
2025,4,1,Americas,2025,6,LATAM AIRLINES GROUP,0.0,0.0,0.0,BZFC58
2025,4,1,Americas,2025,7,TWITTER INC,0.0,9260.0,-9260.0,QTW54
2025,3,1,Americas,2025,7,HONDA MOTOR,82650.0,55020.0,27630.0,WBZ2Z
2025,3,3,Americas,2025,6,BANCO DEL ESTADO DE CHILE,40.0,0.0,40.0,CHBFFB
2025,3,2,Americas,2025,6,CEMEX,28730.0,154920.0,-126190.0,MXA21Z
2025,3,2,Rest of EMEA,2025,7,NORDLB,33660.0,22050.0,11610.0,01C-YR2
2025,3,2,Americas,2025,6,MACYS INC.,64230.0,62860.0,1370.0,WSRLZ
2025,4,2,APAC,2025,7,XIN JIANG TBEA GROUP CO. LTD,50000.0,50000.0,0.0,Unassigned
2025,4,1,Americas,2025,7,FLORIDA POWER & LIGHT GROUP,27100.0,1800.0,25300.0,WQHGZ
2025,4,3,Americas,2025,6,"STARS BEHAVIORAL HEALTH GROUP, INC.",16780.0,14650.0,2130.0,W994Y
2025,3,3,Rest of EMEA,2025,7,VARDINOGIANNIS GROUP,1990.0,0.0,1990.0,025-YQD
2025,3,1,Rest of EMEA,2025,6,AVIATION SERVICES COMPANY,283000.0,141910.0,141090.0,SAC1CMS
2025,3,2,Rest of EMEA,2025,6,ENTI CENTRALI,0.0,3000.0,-3000.0,IY84943
2025,4,2,Americas,2025,6,PAYPAL,0.0,11350.0,-11350.0,QPA20
2025,3,1,UKI,2025,7,"BROTHER INDUSTRIES,LTD.",61270.0,39260.0,22010.0,UKAHXFS
2025,3,1,Americas,2025,7,"MARS, INCORPORATED",32000.0,24000.0,8000.0,Unassigned
2025,3,3,Americas,2025,6,VALE,7690.0,6510.0,1180.0,BZFD13
2025,4,2,Americas,2025,7,ALLIANZ,15000.0,11250.0,3750.0,Unassigned
2025,3,1,UKI,2025,6,AVNET INC,8260.0,0.0,8260.0,UKAGOUL
2025,4,1,Americas,2025,7,BERRY PLASTICS CORP,50000.0,38500.0,11500.0,Unassigned
2025,4,3,Americas,2025,7,CANADA - CDN FED,82920.0,52530.0,30390.0,RAPPP
2025,3,1,Americas,2025,6,BPS - BANCO DE PREVISION SOCIAL,5430.0,0.0,5430.0,URAK3C
2025,3,3,Americas,2025,6,KROGER / FRED MEYER,7560.0,6300.0,1260.0,W31RV
2025,4,1,Americas,2025,6,FLORIDA POWER & LIGHT GROUP,57430.0,48780.0,8650.0,WJ4NZ
2025,4,1,Americas,2025,6,GENERAL MOTORS,152810.0,117100.0,35710.0,W209Z
2025,3,2,Rest of EMEA,2025,6,AIR LIQUIDE,23460.0,16400.0,7060.0,02D-XPK
2025,4,3,Americas,2025,7,CARLYLE GROUP - FORTITUDE GROUP HOLDINGS,97170.0,152660.0,-55490.0,ICAAX
2025,4,1,UKI,2025,6,ARMS LENGTH,22930.0,16690.0,6240.0,UKAHUQH
2025,4,2,Americas,2025,6,OTTAWA HYDRO ELECTRIC,119600.0,76180.0,43420.0,P9TY0
2025,4,1,Americas,2025,7,MCKESSON CORPORATION,17320.0,0.0,17320.0,W3T3Z
2025,3,3,Americas,2025,6,MICRON TECHNOLOGY INC,31960.0,26430.0,5530.0,W208Z
2025,4,3,Rest of EMEA,2025,6,SAUDI ARAMCO,4230.0,2360.0,1870.0,SAC1CYQ
2025,3,3,Americas,2025,7,FLORIDA POWER & LIGHT GROUP,83000.0,69720.0,13280.0,W787Z
2025,3,3,Americas,2025,6,AB GOVERNMENT/MINISTRIES,0.0,0.0,0.0,RAKWJ
2025,3,2,Americas,2025,7,AMERICA MOVIL,46830.0,39610.0,7220.0,BZFAMZ
2025,4,2,Americas,2025,6,PONTELAND DISTRIBUICAO SA,0.0,0.0,0.0,BZFC7A
2025,3,2,Americas,2025,7,PLANNED PARENTHOOD FEDERATION OF AMERICA,34390.0,25790.0,8600.0,Unassigned
2025,4,3,Americas,2025,7,STATE OF NORTH CAROLINA,19520.0,13270.0,6250.0,W02RZ
2025,3,2,Americas,2025,7,TRUIST,3356000.0,2517000.0,839000.0,Unassigned
2025,4,2,Rest of EMEA,2025,6,HELSE MIDT,33970.0,39150.0,-5180.0,067A3IP
2025,4,2,Americas,2025,7,FLORIDA POWER & LIGHT GROUP,7790.0,7740.0,50.0,W224Z
2025,3,3,Americas,2025,6,INTACT INSURANCE,66660.0,49990.0,16670.0,Unassigned
2025,3,1,Americas,2025,6,PFIZER,31520.0,12570.0,18950.0,W4HGZ
2025,3,1,Americas,2025,7,ONTARIO TRANSPORTATION,15110.0,3380.0,11730.0,RALQ1
2025,4,3,Americas,2025,6,GILEAD SCIENCES INC,16660.0,12500.0,4160.0,Unassigned
2025,3,2,Rest of EMEA,2025,7,GEMEINSCHAFT VON PARTNERN DER TREUHAND-SD GMBH WIRTSCHAFTSPRFUNGSGESELLSCHAFT STEUERBERATUNGSGESELSCHAFT GBR,0.0,0.0,0.0,Unassigned
2025,3,3,Americas,2025,7,ALTRIA GROUP,19910.0,4000.0,15910.0,W281Y
2025,4,1,Americas,2025,7,BANCO DEL ESTADO DE CHILE,0.0,5070.0,-5070.0,CHBFE3
2025,3,3,APAC,2025,7,"HUIZHOU CHUANGXIN INVESTMENT CO., LTD.",0.0,0.0,0.0,02C-CYN
2025,3,1,Americas,2025,6,FIRST BEMIDJI HOLDING COMPANY,770.0,290.0,480.0,WQ5RY
2025,4,1,Americas,2025,7,QUEBEC GOVT,1950770.0,1490730.0,460040.0,Unassigned
2025,3,1,Americas,2025,7,HUBBELL INC,60.0,0.0,60.0,WCMQZ
2025,3,2,APAC,2025,7,CHINA MOBILE,0.0,2360.0,-2360.0,023-4YD
2025,3,1,Americas,2025,6,"BROTHER INDUSTRIES,LTD.",61000.0,52090.0,8910.0,W2KNZ
2025,4,1,Americas,2025,6,"EQUITABLE HOLDINGS, INC.",100000.0,73000.0,27000.0,W2SRZ
2025,4,3,APAC,2025,7,KIMBERLY CLARK CORPORATION,412870.0,334200.0,78670.0,INI9208
2025,3,2,APAC,2025,7,"CHINESE UNIVERSITY OF HONG KONG, THE",8750.0,3360.0,5390.0,HKCQ0H9
2025,3,3,APAC,2025,7,VODAFONE,185430.0,139480.0,45950.0,INI8109
2025,3,2,Rest of EMEA,2025,6,PPC GROUP,0.0,0.0,0.0,023-93L
2025,3,1,Americas,2025,7,WESTFIELD INSURANCE COMPANY,7570.0,6140.0,1430.0,W0K0Z
2025,3,3,Rest of EMEA,2025,6,THOM EUROPE,0.0,0.0,0.0,025-KNY
2025,3,2,Rest of EMEA,2025,6,HANSEMERKUR VERSICHERUNGSGRUPPE,2940.0,3940.0,-1000.0,01C-FXD
2025,4,3,UKI,2025,6,SHELL PLC,329460.0,503640.0,-174180.0,UKAHUHE
2025,3,3,Americas,2025,7,GPA,397090.0,275220.0,121870.0,BZE666
2025,3,3,Rest of EMEA,2025,6,GROUPE MULLIEZ (W/O AUCHAN),4170.0,2250.0,1920.0,01S-WRX
2025,4,3,Americas,2025,7,NORWEGIAN CRUISE LINE LIMITED,116660.0,87500.0,29160.0,Unassigned
2025,3,2,UKI,2025,6,NATIONWIDE BUILDING SOCIETY,245290.0,191800.0,53490.0,UKAHPDC
2025,4,1,APAC,2025,7,AVIVA INSURANCE,10640.0,6980.0,3660.0,INI7535
2025,3,3,Americas,2025,6,HUBBELL INC,0.0,0.0,0.0,W527Z
2025,3,2,Americas,2025,7,GERDAU S.A.,20190.0,9360.0,10830.0,BZFAGX
2025,3,3,UKI,2025,7,NATIONAL LEVEL LABORATORIES & RESEARCH COUNCILS,0.0,0.0,0.0,UKAHQWN
2025,4,3,Rest of EMEA,2025,6,MINISTRY OF INTERIOR QATAR,0.0,0.0,0.0,QAC1AT8
2025,3,2,Americas,2025,7,BASS PRO INC,57830.0,43370.0,14460.0,Unassigned
2025,3,2,Rest of EMEA,2025,7,ATLAS COPCO AB,3600.0,2880.0,720.0,Unassigned
2025,4,3,Americas,2025,7,MICRON TECHNOLOGY INC,31960.0,26430.0,5530.0,W208Z
2025,3,3,Americas,2025,6,AMERICA MOVIL,71870.0,12000.0,59870.0,RUBDOR
2025,3,1,UKI,2025,6,OFFICE OF PUBLIC WORKS,13740.0,13100.0,640.0,IR10650
2025,3,1,UKI,2025,6,HONDA MOTOR,94960.0,102340.0,-7380.0,UKAHPNZ
2025,4,3,Americas,2025,7,NSK LTD.,250000.0,192500.0,57500.0,Unassigned
2025,3,1,Americas,2025,6,PFIZER,8550.0,5400.0,3150.0,W56GZ
2025,3,1,UKI,2025,6,IRELAND PUBLIC GROWTH ACCOUNTS 2,0.0,0.0,0.0,IR11425
2025,3,2,UKI,2025,6,DSI,715000.0,588600.0,126400.0,UKAHYMN
2025,3,1,UKI,2025,6,"HONDA MOTOR CO., LTD.",674390.0,532790.0,141600.0,Unassigned
2025,3,3,Rest of EMEA,2025,7,LUFTHANSA,39100.0,18000.0,21100.0,00R-76M
2025,4,3,Americas,2025,6,LATAM AIRLINES GROUP,1790.0,910.0,880.0,BZFC5K
2025,4,1,Rest of EMEA,2025,6,HELSE VEST,139960.0,113620.0,26340.0,067A2O6
2025,4,1,Americas,2025,6,CEMEX,0.0,0.0,0.0,MXA1EM
2025,3,3,UKI,2025,6,BP P.L.C.,3630260.0,2868180.0,762080.0,Unassigned
2025,3,3,Rest of EMEA,2025,6,CASPER TOPCO,0.0,0.0,0.0,01W-ZJQ
2025,3,1,APAC,2025,7,ALLIANZ TAIWAN LIFE INSURANCE COMPANY LIMITED,5330.0,5330.0,0.0,Unassigned
2025,3,3,Americas,2025,7,EMBOTELLADORA ANDINA,50000.0,37500.0,12500.0,Unassigned
2025,4,1,Americas,2025,6,"UPSTATE NIAGARA COOPERATIVE, INC.",33330.0,25000.0,8330.0,Unassigned
2025,3,1,APAC,2025,7,ICICI BANK,14000.0,0.0,14000.0,INI7680
2025,3,1,Rest of EMEA,2025,6,TECHNIP,0.0,60710.0,-60710.0,02F-RQP
2025,3,2,Rest of EMEA,2025,6,BNP PARIBAS,14200.0,15100.0,-900.0,01L-X1S
2025,4,3,Americas,2025,7,STATE FARM,0.0,-160000.0,160000.0,C20WV
2025,3,1,Americas,2025,7,INEOS,169230.0,110280.0,58950.0,W9T7T
2025,3,2,Rest of EMEA,2025,6,MAJID AL FUTTAIM CAPITAL (L.L.C.),20190.0,8590.0,11600.0,CDAHJBA
2025,3,2,Rest of EMEA,2025,6,AHOLD DELHAIZE,7900.0,6040.0,1860.0,021-H52
2025,4,3,Americas,2025,6,LATAM AIRLINES GROUP,1360.0,930.0,430.0,BZFC5S
2025,3,2,UKI,2025,6,HSBC HOLDINGS PLC,531040.0,282770.0,248270.0,Unassigned
2025,3,2,Americas,2025,7,ABBOTT LABORATORIES,0.0,0.0,0.0,W4H5Z
2025,4,2,Rest of EMEA,2025,6,AVIATION SERVICES COMPANY,6360.0,1910.0,4450.0,SAC1CN3
2025,3,2,Rest of EMEA,2025,6,HELMHOLTZ - SOUTH,6000.0,4200.0,1800.0,02J-RSV
2025,3,2,Rest of EMEA,2025,6,DEU DEFENSE 3,34810.0,24380.0,10430.0,01T-P8X
2025,4,2,Americas,2025,6,EMPRESAS CMPC S.A.,80.0,10.0,70.0,CHBE1Q
2025,3,1,Rest of EMEA,2025,6,BANKINTER SA,68010.0,49290.0,18720.0,P042128
2025,4,2,Americas,2025,7,SCOTIA BANK,338280.0,543240.0,-204960.0,RABZ1
2025,3,1,Americas,2025,7,BRIGHTSPEED,131920.0,101570.0,30350.0,Unassigned
2025,3,3,UKI,2025,6,HOME OFFICE UK,49400.0,35850.0,13550.0,UKAIAOP
2025,3,2,APAC,2025,7,INDUSIND BANK,0.0,3330.0,-3330.0,INI6929
2025,4,1,Rest of EMEA,2025,6,ZA - TRANSNET,17650.0,11230.0,6420.0,ZCAANZF
2025,3,3,Americas,2025,6,KEY EQUIPMENT FINANCE,5030.0,400.0,4630.0,WKFQY
2025,3,3,Americas,2025,7,SEMPRA ENERGY,84070.0,60610.0,23460.0,W3JHY
2025,3,2,Rest of EMEA,2025,6,ABDUL LATIF JAMEEL CO. LTD,9160.0,6310.0,2850.0,SAC1B6W
2025,4,1,Americas,2025,6,STATE OF NORTH CAROLINA,1083660.0,600000.0,483660.0,WA4NX
2025,3,2,Americas,2025,6,ABBOTT LABORATORIES,9150.0,6710.0,2440.0,W5Q8Z
2025,4,2,Rest of EMEA,2025,6,DEU DEFENSE 3,16200.0,0.0,16200.0,01T-MR1
2025,3,2,Rest of EMEA,2025,6,MORGENFUND GMBH,2640.0,3000.0,-360.0,01S-DXZ
2025,4,3,Rest of EMEA,2025,6,STATES - EAST GOVERNMENT,38000.0,30000.0,8000.0,01X-6RB
2025,3,3,Rest of EMEA,2025,6,ARLA FOODS,691990.0,639990.0,52000.0,787BJ3H
2025,4,3,Americas,2025,6,AVNET INC,710040.0,539650.0,170390.0,Unassigned
2025,4,2,Americas,2025,7,AT&T,375330.0,400290.0,-24960.0,WBQKW
2025,3,2,Americas,2025,7,STAPLES INC,0.0,0.0,0.0,W7F3Z
2025,4,2,Americas,2025,6,FLORIDA POWER & LIGHT GROUP,0.0,0.0,0.0,W3FGZ
2025,4,1,UKI,2025,6,HEALTH SERVICE EXECUTIVE,206310.0,150310.0,56000.0,IR11219
2025,3,3,Americas,2025,6,BAKER HUGHES INC,28630.0,29920.0,-1290.0,WC72Z
2025,4,2,Americas,2025,6,AT&T,222160.0,232990.0,-10830.0,W68PZ
2025,4,1,Rest of EMEA,2025,6,BMW,31030.0,31680.0,-650.0,00L-6TP
2025,3,1,Rest of EMEA,2025,6,STELLANTIS-CNH-IVECO,17580.0,14400.0,3180.0,IY78236
2025,4,2,Americas,2025,6,AB GOVERNMENT/MINISTRIES,12960.0,7370.0,5590.0,RAL61
2025,3,1,Americas,2025,6,KYNDRYL,2070.0,450.0,1620.0,BZFAAS
2025,3,3,Americas,2025,7,MICROSOFT CORPORATION,900000.0,693000.0,207000.0,Unassigned
2025,4,1,Americas,2025,7,BANCO BRADESCO,10790.0,0.0,10790.0,BZFD0V
2025,4,2,Americas,2025,6,GRUPO MEXICO,12080.0,9060.0,3020.0,Unassigned
2025,3,3,Americas,2025,7,GRUPO SANTANDER,0.0,69840.0,-69840.0,URAKOI
2025,3,3,Rest of EMEA,2025,7,BULGARIAN NATIONAL BANK,0.0,90.0,-90.0,BG02851
2025,4,1,Americas,2025,7,BANCO BRADESCO,23930.0,18190.0,5740.0,BZFDEE
2025,3,2,Americas,2025,6,XENITH BANK,27130.0,20340.0,6790.0,Unassigned
2025,3,2,Americas,2025,7,TRUIST,0.0,75630.0,-75630.0,W06JZ
2025,4,1,UKI,2025,6,CAPITA PLC,2530.0,1550.0,980.0,UKAHITH
2025,3,2,APAC,2025,7,"ZHUHAI PRIDA INVESTMENT CO., LTD",0.0,0.0,0.0,01X-M55
2025,4,1,Rest of EMEA,2025,6,CANTIERI NAVALI ITALIANI SPA,5370.0,0.0,5370.0,IY69323
2025,3,2,UKI,2025,6,CLSBANK INTERNATIONAL,22680.0,13200.0,9480.0,UKAHSQD
2025,3,3,Americas,2025,7,BLUE CROSS BLUE SHIELD OF MASSACHUSETTES,732460.0,661930.0,70530.0,WZ25Y
2025,3,1,Americas,2025,7,GRUPO SANTANDER,192610.0,168000.0,24610.0,W22PZ
2025,4,3,Rest of EMEA,2025,6,STADTWERKE CHEMNITZ AG,8690.0,3130.0,5560.0,02D-DMZ
2025,4,3,Rest of EMEA,2025,6,HAPAG LLOYD AG,42610.0,27720.0,14890.0,00Y-Z5P
2025,4,1,Americas,2025,7,BERKSHIRE HATHAWAY - BENJAMIN MOORE & CO,0.0,300.0,-300.0,W6PGZ
2025,3,3,Americas,2025,6,VALE,80.0,0.0,80.0,BZE6MG
2025,3,2,Americas,2025,6,LATAM AIRLINES GROUP,18330.0,0.0,18330.0,CHBE60
2025,3,3,UKI,2025,6,DEPT FOR WORK/PENSIONS,0.0,0.0,0.0,UKAIBOR
2025,4,2,Rest of EMEA,2025,6,UNICOOP FIRENZE,0.0,1200.0,-1200.0,02C-17B
2025,4,3,Americas,2025,7,AMERICAN IRON & METAL CO,0.0,0.0,0.0,RARNS
2025,3,3,Americas,2025,7,CEMEX,1370.0,0.0,1370.0,MXA1EQ
2025,3,1,Americas,2025,7,CHUBB & SON,6920.0,5300.0,1620.0,W4FPZ
2025,3,3,APAC,2025,7,XUZHOU CONSTRUCTION MACHINERY GROUP,0.0,0.0,0.0,02C-GQ1
2025,3,1,APAC,2025,7,THE KRAFT HEINZ COMPANY,4970.0,4970.0,0.0,Unassigned
2025,3,1,Rest of EMEA,2025,7,TATA STEEL LIMITED,0.0,0.0,0.0,Unassigned
2025,3,3,Americas,2025,7,SUNCOR ENERGY,15570.0,10090.0,5480.0,RAPY6
2025,3,2,Americas,2025,7,UNITED SERVICES AUTO ASSOC,0.0,-1450.0,1450.0,WQTHZ
2025,3,2,Americas,2025,7,"ELEVANCE HEALTH, INC.",1333510.0,1000130.0,333380.0,Unassigned
2025,3,1,Americas,2025,6,ROYAL BANK OF CANADA,6060.0,5160.0,900.0,RAKPS
2025,4,2,Rest of EMEA,2025,6,HEINEKEN,31340.0,20980.0,10360.0,02C-YKB
2025,3,1,Americas,2025,6,BLUE CROSS BLUE SHIELD OF MI,35790.0,32330.0,3460.0,W4Q2Z
2025,3,1,Rest of EMEA,2025,6,ABERTIS,17940.0,9450.0,8490.0,02F-12L
2025,3,1,Rest of EMEA,2025,6,BKKS,16810.0,0.0,16810.0,01X-0VK
2025,3,2,APAC,2025,7,PARLE BISLERI PVT LTD,5260.0,2360.0,2900.0,INI5347
2025,3,3,Americas,2025,6,IGUA SANEAMENTO S/A,108970.0,107350.0,1620.0,BZFD7N
2025,3,2,UKI,2025,6,HOME OFFICE UK,49450.0,36680.0,12770.0,UKAHZJU
2025,4,3,Rest of EMEA,2025,6,DSM-FIRMENICH AG,618870.0,568380.0,50490.0,011-V9Z
2025,3,2,Americas,2025,6,LATAM AIRLINES GROUP,6240.0,6760.0,-520.0,CHBE68
2025,4,1,Rest of EMEA,2025,6,A2A,61530.0,43460.0,18070.0,02J-SCB
2025,3,2,Rest of EMEA,2025,7,CARREFOUR,0.0,0.0,0.0,02J-SPV
2025,4,3,Rest of EMEA,2025,6,PHILIP MORRIS INTERNATIONAL,50000.0,40000.0,10000.0,02B-YRV
2025,3,2,Americas,2025,6,EXXON MOBIL CORPORATION,154010.0,69000.0,85010.0,W5S0Z
2025,3,1,Americas,2025,6,METLIFE,145830.0,151490.0,-5660.0,WKRSY
2025,3,2,Rest of EMEA,2025,6,PREVIDENZA E SALUTE,0.0,0.0,0.0,IY60745
2025,3,3,Americas,2025,6,PFIZER,0.0,0.0,0.0,W3TQZ
2025,4,2,Americas,2025,7,TELUS COMMUNICATIONS,11330.0,6610.0,4720.0,RASAR
2025,3,3,Americas,2025,7,MIZUHO FINANCIAL GROUP,15430.0,76310.0,-60880.0,RAM1L
2025,3,2,UKI,2025,7,POLARIS,101120.0,60620.0,40500.0,UKAHHVC
2025,4,3,Americas,2025,7,UNILEVER,10280.0,7710.0,2570.0,Unassigned
2025,3,3,Rest of EMEA,2025,6,DAIMLER MERCEDES-BENZ,8950.0,7000.0,1950.0,028-H6G
2025,3,3,APAC,2025,7,CHINA MOBILE,9720.0,2360.0,7360.0,023-4YD
2025,3,1,Americas,2025,7,DEUTSCHE TELEKOM AG,333970.0,338990.0,-5020.0,WZ1QZ
2025,4,1,Americas,2025,6,CANADIAN NATIONAL RAILWAY,111110.0,83330.0,27780.0,Unassigned
2025,3,1,UKI,2025,6,SCOTTISH GOV,178600.0,154010.0,24590.0,UKAIAYC
2025,4,1,Rest of EMEA,2025,6,PETROFAC INTERNATIONAL,1180.0,1050.0,130.0,CDAHJFE
2025,3,3,Americas,2025,7,PFIZER,0.0,0.0,0.0,W411Z
2025,3,2,Rest of EMEA,2025,7,MINISTERIEN - BUND,9800.0,11000.0,-1200.0,01Q-GYV
2025,3,2,Rest of EMEA,2025,6,PUBLIC INVESTMENT FUND,16080.0,6000.0,10080.0,SAC1CVF
2025,3,2,Americas,2025,7,AMERICAN EXPRESS,48640.0,42960.0,5680.0,W4GRZ
2025,3,3,Americas,2025,6,WESTINGHOUSE ELECTRIC COMPANY,0.0,0.0,0.0,W61TZ
2025,4,3,Americas,2025,7,TRANSPORTADORA DE GAS DEL SUR SA,360830.0,279140.0,81690.0,ARCBBF
2025,3,1,Rest of EMEA,2025,6,BANCA MONTE DEI PASCHI DI SIENA SPA,15600.0,12320.0,3280.0,Unassigned
2025,4,1,Americas,2025,7,CEMEX,240.0,0.0,240.0,MXA1EO
2025,3,3,Rest of EMEA,2025,6,GEK TERNA,0.0,0.0,0.0,GR10512
2025,3,1,Rest of EMEA,2025,7,KONINKLIJKE AHOLD DELHAIZE N.V.,0.0,0.0,0.0,Unassigned
2025,3,3,APAC,2025,7,SHISEIDO COMPANY,30160.0,23850.0,6310.0,SGG8527
2025,3,3,Rest of EMEA,2025,7,DAIMLER MERCEDES-BENZ,154450.0,100000.0,54450.0,02G-GH0
2025,3,2,Rest of EMEA,2025,6,BT - ROMANIA,4300.0,800.0,3500.0,RO08005
2025,4,3,APAC,2025,7,ZHEJIANG CHINT ELECTRICS CO. LTD.,41230.0,28820.0,12410.0,02H-KQ4
2025,4,3,Americas,2025,6,RICH PRODUCTS CORP,16300.0,11890.0,4410.0,WM2KX
2025,3,2,Americas,2025,7,CANADIAN IMPERIAL BANK OF COMMERCE CIBC,9020.0,9090.0,-70.0,RADW2
2025,4,2,Americas,2025,6,VALE,30.0,0.0,30.0,BZE69B
2025,3,3,Rest of EMEA,2025,6,HENKEL,0.0,0.0,0.0,02C-Q5D
2025,3,2,Americas,2025,6,SOUTHWEST GAS CORPORATION,28330.0,21810.0,6520.0,Unassigned
2025,3,1,Americas,2025,7,STATE OF IOWA,67240.0,32380.0,34860.0,WRQ6Z
2025,4,3,Americas,2025,7,GDG INFORMATIQUE & GESTION,0.0,0.0,0.0,Unassigned
2025,4,1,Americas,2025,6,CANADIAN PAYMENTS ASSOCIATION,8150.0,5690.0,2460.0,RAQ8H
2025,3,3,Americas,2025,7,AMERICAN EXPRESS,5230.0,5590.0,-360.0,WR06Z
2025,4,3,Americas,2025,6,NATURGY,0.0,-39390.0,39390.0,BZE9O2
2025,4,2,APAC,2025,7,OOREDOO GROUP L.L.C,609980.0,609980.0,0.0,Unassigned
2025,3,3,Americas,2025,6,CANADIAN IMPERIAL BANK OF COMMERCE CIBC,6660.0,5290.0,1370.0,RASC3
2025,4,1,UKI,2025,6,ROYAL LONDON GROUP,357690.0,251450.0,106240.0,UKAHZLJ
2025,4,3,Rest of EMEA,2025,6,SNCF,0.0,0.0,0.0,027-XST
2025,3,2,Rest of EMEA,2025,6,ARTEMIDE GROUP SPA *,8610.0,7100.0,1510.0,02B-VTV
2025,3,3,Rest of EMEA,2025,6,ACINQUE,0.0,0.0,0.0,IY85565
2025,4,1,Americas,2025,7,CARLYLE GROUP - FORTITUDE GROUP HOLDINGS,51920.0,43330.0,8590.0,ICAAZ
2025,4,3,Americas,2025,6,EMPRESAS CMPC S.A.,3600.0,0.0,3600.0,CHBE98
2025,4,1,Americas,2025,6,"SHIFT4 PAYMENTS, INC.",41660.0,32080.0,9580.0,Unassigned
2025,3,2,APAC,2025,7,AXA,88740.0,62420.0,26320.0,HKCQ0SL
2025,3,2,Rest of EMEA,2025,6,BKKS,830.0,0.0,830.0,00X-454
2025,3,3,Rest of EMEA,2025,6,STATES,105000.0,80000.0,25000.0,02F-S5Y
2025,3,3,Rest of EMEA,2025,6,SOCIEDAD TEXTIL LONIA SA,69330.0,55460.0,13870.0,Unassigned
2025,3,2,Americas,2025,6,AXA,0.0,220.0,-220.0,W672Z
2025,3,3,Americas,2025,6,CANADIAN IMPERIAL BANK OF COMMERCE CIBC,0.0,156390.0,-156390.0,RAPLP
2025,3,1,Rest of EMEA,2025,6,NESTLE,44650.0,68250.0,-23600.0,017-0VV
2025,4,3,UKI,2025,6,BROADRIDGE FINANCIAL SOLUTIONS,0.0,0.0,0.0,UKAHEKJ
2025,4,1,Americas,2025,7,CANADA - CDN FED,480.0,420.0,60.0,RASDL
2025,4,1,Americas,2025,6,DEBEVOISE & PLIMPTON LLP,3250.0,2000.0,1250.0,WDMGY
2025,3,1,Americas,2025,7,THYSSEN KRUPP AG,5290.0,4230.0,1060.0,Unassigned
2025,4,1,Americas,2025,7,PFIZER,19760.0,11290.0,8470.0,W4JZZ
2025,3,1,Americas,2025,7,IGUA SANEAMENTO S/A,30690.0,56270.0,-25580.0,BZFDX4
2025,3,3,Americas,2025,6,VANCOUVER CITY SAVINGS CREDIT,16660.0,4280.0,12380.0,RARVN
2025,3,3,Americas,2025,6,BANCO BRADESCO,28160.0,0.0,28160.0,BZFDO0
2025,3,3,Rest of EMEA,2025,6,ELECTROLUX,0.0,0.0,0.0,02H-5JS
2025,3,1,Rest of EMEA,2025,7,UNILEVER,-60.0,0.0,-60.0,GHC1AEF
2025,3,3,Americas,2025,6,NEBRASKA PUBLIC POWER DISTRICT,24010.0,19560.0,4450.0,WR45X
2025,4,2,Americas,2025,7,VALE,30.0,0.0,30.0,BZE69B
2025,4,1,Americas,2025,6,MCKESSON CORPORATION,43830.0,21370.0,22460.0,WZPJY
2025,3,3,Americas,2025,7,TELUS COMMUNICATIONS,22960.0,17770.0,5190.0,P25R6
2025,3,1,Rest of EMEA,2025,7,DEUTSCHE LUFTHANSA AKTIENGESELLSCHAFT,0.0,0.0,0.0,Unassigned
2025,4,1,Rest of EMEA,2025,6,BANKINTER SA,53060.0,39370.0,13690.0,027-XWY
2025,3,3,APAC,2025,7,ATC INDIA TOWER CORPORATION PVT. LTD,21260.0,15590.0,5670.0,INI6802
2025,4,2,Americas,2025,6,BELL CANADA ENTERPRISES,26360.0,24870.0,1490.0,RARLR
2025,3,3,Rest of EMEA,2025,6,PREVIDENZA E SALUTE,300000.0,80770.0,219230.0,01V-5SQ
2025,4,3,Americas,2025,6,BANK OF MONTREAL,0.0,0.0,0.0,RARMX
2025,3,3,Americas,2025,7,AMERICAN EXPRESS,3170.0,3400.0,-230.0,WR1HZ
2025,3,3,Americas,2025,7,CANADIAN IMPERIAL BANK OF COMMERCE CIBC,491170.0,368340.0,122830.0,Unassigned
2025,3,1,Americas,2025,6,ONTARIO TRANSPORTATION,420.0,190.0,230.0,RALQN
2025,4,3,UKI,2025,6,HOME OFFICE UK,13850.0,10270.0,3580.0,UKAHRGK
2025,4,2,Rest of EMEA,2025,6,FED GOV BE,31560.0,18250.0,13310.0,021-HDC
2025,4,3,Rest of EMEA,2025,6,A.S.A. AZIENDA SERVIZI AMBIENTALI SPA,14790.0,11680.0,3110.0,Unassigned
2025,4,2,APAC,2025,7,DEFENCE SCIENCE AND TECHNOLOGY AGENCY,0.0,0.0,0.0,SGG9409
2025,4,1,Americas,2025,7,ABBOTT LABORATORIES,0.0,39570.0,-39570.0,WTJRZ
2025,4,1,Americas,2025,7,DEBEVOISE & PLIMPTON LLP,21420.0,14730.0,6690.0,W901Y
2025,4,3,Rest of EMEA,2025,6,ABU DHABI NATIONAL OIL COMPANY,0.0,0.0,0.0,CDAIAFD
2025,4,1,UKI,2025,6,IMPERIAL BRANDS,0.0,274590.0,-274590.0,UKAHTQL
2025,4,2,Americas,2025,6,AT&T,961980.0,983340.0,-21360.0,W4DLZ
2025,3,2,APAC,2025,7,BANK OF PHILIPPINE ISLANDS,960.0,950.0,10.0,PHC7850
2025,4,3,Rest of EMEA,2025,6,DAIMLER MERCEDES-BENZ,108800.0,80000.0,28800.0,02C-7Z1
2025,3,3,Americas,2025,6,LATAM AIRLINES GROUP,0.0,8580.0,-8580.0,CHBFHA
2025,4,3,Americas,2025,6,AMERICAN EXPRESS,12980.0,13540.0,-560.0,WR1JZ
2025,3,2,Americas,2025,6,VALE,1830.0,0.0,1830.0,BZE5AA
2025,3,1,Rest of EMEA,2025,6,AVIATION SERVICES COMPANY,0.0,17570.0,-17570.0,SAC1CRH
2025,3,1,UKI,2025,6,KPMG LLP,3960.0,5490.0,-1530.0,UKAGXRH
2025,3,2,Rest of EMEA,2025,7,NAVALSET - SERVICOS INDUSTRIAIS E NAVAIS S.A.,41130.0,20980.0,20150.0,Unassigned
2025,3,3,Americas,2025,7,LIQUOR CONTROL BOARD ONTARIO,0.0,0.0,0.0,RAP6D
2025,4,2,Rest of EMEA,2025,6,GENERALITAT DE CATALUNA,4540.0,2580.0,1960.0,01W-GVL
2025,3,2,Americas,2025,7,BARCLAYS BANK PLC,15320.0,18320.0,-3000.0,W422Z
2025,3,2,Americas,2025,7,WESTINGHOUSE ELECTRIC COMPANY,216040.0,168410.0,47630.0,WH5HZ
2025,3,3,Americas,2025,7,LUMEN TECHNOLOGIES,0.0,0.0,0.0,W306Z
2025,3,2,Americas,2025,7,GORE U ASSOCIATES,0.0,95900.0,-95900.0,QWL21
2025,4,3,Americas,2025,6,GRUPO CIBEST S.A.,26640.0,13270.0,13370.0,LOBQZW
2025,4,1,UKI,2025,6,VODAFONE GROUP PUBLIC LIMITED COMPANY,219990.0,173790.0,46200.0,Unassigned
2025,4,2,UKI,2025,6,LLOYDS BANKING GROUP,0.0,-1110.0,1110.0,UKAHSMR
2025,4,1,Americas,2025,6,STATE OF VERMONT,0.0,39530.0,-39530.0,W5F3Z
2025,3,2,Americas,2025,7,KYNDRYL,700.0,7480.0,-6780.0,BZFAAR
2025,4,3,Americas,2025,6,MORGAN STANLEY,179940.0,171590.0,8350.0,W2K6Z
2025,4,2,Americas,2025,7,GLAXO SMITHKLINE,25000.0,18750.0,6250.0,Unassigned
2025,3,1,Americas,2025,7,TELUS COMMUNICATIONS,0.0,1230.0,-1230.0,RASAT
2025,3,2,Americas,2025,7,STATE OF CALIFORNIA,4790.0,200.0,4590.0,WS9GY
2025,3,1,Americas,2025,6,STATE OF NEW YORK,2434640.0,1825980.0,608660.0,Unassigned
2025,3,3,Americas,2025,6,CENTERPOINT ENERGY INC,9110.0,8980.0,130.0,WZ0KY
2025,3,2,Americas,2025,6,CHUBB & SON,13500.0,10800.0,2700.0,W269Z
2025,4,1,APAC,2025,7,MORGAN STANLEY,26680.0,25220.0,1460.0,INI8331
2025,4,2,Americas,2025,7,TELECOM ARGENTINA,752300.0,564250.0,188050.0,Unassigned
2025,3,2,Rest of EMEA,2025,6,PREVIDENZA E SALUTE,0.0,9520.0,-9520.0,02D-9HK
2025,4,3,Rest of EMEA,2025,6,ENTI CENTRALI,0.0,-290.0,290.0,IY84526
2025,4,3,APAC,2025,7,HUAXIA BANK,9280.0,9280.0,0.0,Unassigned
2025,3,2,Americas,2025,6,TWITTER INC,0.0,35460.0,-35460.0,QTW58
2025,4,2,Americas,2025,6,JACKSON FINANCIAL INC.,23000.0,17250.0,5750.0,Unassigned
2025,3,2,Rest of EMEA,2025,6,NCA GERMAN SOCIAL ACCIDENT INSURANCE (DGUV),21500.0,17840.0,3660.0,018-FK8
2025,4,2,Americas,2025,7,SUNCOR ENERGY,6580.0,3820.0,2760.0,RAR4Y
2025,3,2,Rest of EMEA,2025,6,VIG VIENNA INSURANCE GROUP,0.0,0.0,0.0,AT86192
2025,4,3,Americas,2025,6,"EQUITABLE HOLDINGS, INC.",68260.0,62900.0,5360.0,W8HPW
2025,3,3,Rest of EMEA,2025,6,RAVAGO CC,32950.0,28940.0,4010.0,FS02087
2025,3,3,Americas,2025,6,VOLKSWAGEN,596410.0,457330.0,139080.0,Unassigned
2025,4,2,Americas,2025,6,STATE OF CALIFORNIA,3340.0,2340.0,1000.0,WCJ3Z
2025,3,3,Americas,2025,7,SHELL PLC,296910.0,215040.0,81870.0,WJ40Y
2025,4,3,Rest of EMEA,2025,6,ALTE LEIPZIGER – HALLESCHE,101640.0,74620.0,27020.0,00L-9YX
2025,3,1,UKI,2025,6,UISCE EIREANN,62080.0,42590.0,19490.0,IR12020
2025,4,3,UKI,2025,6,BARCLAYS BANK PLC,0.0,0.0,0.0,UKAHXIQ
2025,4,1,Americas,2025,6,ICBC,122550.0,119580.0,2970.0,RAQZX
2025,3,1,UKI,2025,6,KERRY GROUP PLC,0.0,26500.0,-26500.0,IR12029
2025,3,3,Americas,2025,6,THE KRAFT HEINZ COMPANY,382500.0,333410.0,49090.0,W33MZ
2025,3,1,Americas,2025,6,GRUPO SANTANDER,75810.0,0.0,75810.0,URAKV6
2025,3,3,Americas,2025,6,BANCO BRADESCO,7710.0,0.0,7710.0,BZFD43
2025,3,1,Americas,2025,7,VALE,70.0,0.0,70.0,BZE6NG
2025,4,1,Americas,2025,6,JOHNSON & JOHNSON,287380.0,209790.0,77590.0,W8GKZ
2025,3,1,Americas,2025,7,AMERICAN EXPRESS,47640.0,42430.0,5210.0,W8RHZ
2025,3,1,Americas,2025,6,GANNETT,4120.0,2150.0,1970.0,W5NKX
2025,3,3,UKI,2025,7,SHELL PLC,9050.0,7760.0,1290.0,UKAIAJI
2025,3,1,Americas,2025,6,JETBLUE AIRWAYS,112820.0,84900.0,27920.0,WSNFZ
2025,3,3,Americas,2025,6,AB GOVERNMENT/MINISTRIES,15930.0,55490.0,-39560.0,RACHM
2025,4,2,Americas,2025,6,TELEFONICA,3740.0,5050.0,-1310.0,LOBAXV
2025,3,3,Americas,2025,6,"YETI HOLDINGS, INC.",33550.0,32730.0,820.0,W6DKZ
2025,4,3,Americas,2025,7,SUNCOR ENERGY,22170.0,12990.0,9180.0,RARVV
2025,3,3,UKI,2025,6,HOME OFFICE UK,143520.0,112860.0,30660.0,UKAHQZB
2025,3,1,Rest of EMEA,2025,6,BNP PARIBAS,896920.0,717530.0,179390.0,01L-B4Q
2025,4,2,Americas,2025,7,"CENCORA, INC",175950.0,190380.0,-14430.0,WH97Z
2025,3,1,Americas,2025,7,THE WILLIAMS COS INC,0.0,14250.0,-14250.0,QWI13
2025,3,3,Americas,2025,6,BANCO BRADESCO,83090.0,0.0,83090.0,BZE9CF
2025,4,3,Americas,2025,6,LUMEN TECHNOLOGIES,27430.0,22110.0,5320.0,W5KKZ
2025,4,1,Rest of EMEA,2025,6,IKB DT INDUSTRIEBANK,1170.0,670.0,500.0,01S-Q90
2025,4,3,Rest of EMEA,2025,6,REALE MUTUA ASSICURAZIONE,683710.0,460690.0,223020.0,02C-L1Y
2025,3,3,APAC,2025,7,TATA AIA LIFE INSURANCE COMPANY LIMITED,-1040.0,0.0,-1040.0,INI1437
2025,3,3,Americas,2025,7,ALASKA USA FEDERAL CREDI,8300.0,6220.0,2080.0,Unassigned
2025,3,2,Americas,2025,7,AMERICA MOVIL,61860.0,46250.0,15610.0,MXA2JW
2025,4,1,Americas,2025,6,APOLLO GROUP/COX ENTERTAINMENT,25880.0,31240.0,-5360.0,W1HCZ
2025,4,1,Americas,2025,6,GXO LOGISTICS INC,36890.0,14840.0,22050.0,WK28Z
2025,3,1,APAC,2025,7,BANK OF PHILIPPINE ISLANDS,1002720.0,642770.0,359950.0,PHC7845
2025,3,3,Rest of EMEA,2025,7,PHILIP MORRIS INTERNATIONAL,35470.0,26000.0,9470.0,01X-38R
2025,3,3,Americas,2025,6,OLYMEL S.E.C,54170.0,54640.0,-470.0,RAQB5
2025,4,3,Americas,2025,7,STATE OF RHODE ISLAND,42710.0,0.0,42710.0,WQQQZ
2025,3,1,Rest of EMEA,2025,7,SOCIEDAD TEXTIL LONIA,213000.0,200020.0,12980.0,Unassigned
2025,4,1,UKI,2025,6,NATIONAL GRID TRANSCO PLC,13520.0,7830.0,5690.0,UKAIAXD
2025,4,3,Rest of EMEA,2025,6,STELLANTIS-CNH-IVECO,7880.0,6150.0,1730.0,IY83790
2025,4,1,UKI,2025,6,CURRYS PLC,0.0,0.0,0.0,UKAHGDU
2025,4,1,Rest of EMEA,2025,6,GENERALITAT DE CATALUNA,90680.0,65640.0,25040.0,01S-3W1
2025,4,3,Americas,2025,6,FLORIDA POWER & LIGHT GROUP,138890.0,87910.0,50980.0,W2TLZ
2025,3,1,Rest of EMEA,2025,6,RAIFFEISENBANKENGRUPPE OÖ VERBUND EGEN,10000.0,8000.0,2000.0,Unassigned
2025,3,3,Rest of EMEA,2025,7,DOVALUE SPA,261660.0,206710.0,54950.0,Unassigned
2025,3,1,Rest of EMEA,2025,6,DAIMLER MERCEDES-BENZ,7200.0,6500.0,700.0,027-R70
2025,4,2,Americas,2025,6,"ELEVANCE HEALTH, INC.",930.0,500.0,430.0,WZDNZ
2025,3,1,Rest of EMEA,2025,6,DENTSU GROUP INC.,143320.0,114650.0,28670.0,Unassigned
2025,4,1,Americas,2025,6,CEMIG - COMPANHIA ENERGETICA DE MINAS GERAIS,0.0,10630.0,-10630.0,BZE8M3
2025,3,2,Americas,2025,6,STATE OF NORTH CAROLINA,8000.0,4960.0,3040.0,WRM6X
2025,4,1,Rest of EMEA,2025,6,INVESTOR AB,100000.0,80000.0,20000.0,Unassigned
2025,4,1,Americas,2025,7,AMERICAN EXPRESS,0.0,43880.0,-43880.0,W3K4Z
2025,3,1,Rest of EMEA,2025,7,AL FUTTAIM HOLDING LLC,0.0,0.0,0.0,Unassigned
2025,4,1,Americas,2025,6,STATE OF CALIFORNIA,124940.0,78010.0,46930.0,WNQ3Z
2025,3,2,Americas,2025,7,"WEALTH ENHANCEMENT GROUP, LLC",10000.0,7500.0,2500.0,Unassigned
2025,3,3,Rest of EMEA,2025,7,INTESA SANPAOLO GROUP,0.0,0.0,0.0,01X-0H5
2025,4,1,Americas,2025,7,GOVERNMENT OF PEI,15380.0,10450.0,4930.0,RAQ0K
2025,4,1,Americas,2025,6,CEMEX,0.0,0.0,0.0,MXA1EG
2025,3,3,Americas,2025,6,SCHNEIDER NATIONAL INC,0.0,42460.0,-42460.0,QSH30
2025,3,3,Rest of EMEA,2025,6,THE HAVI GROUP,0.0,0.0,0.0,01T-NN8
2025,4,1,Americas,2025,6,NATURGY,38840.0,24080.0,14760.0,ARCABJ
2025,3,1,UKI,2025,6,"BROTHER INDUSTRIES,LTD.",1550.0,0.0,1550.0,UKAGWUG
2025,4,3,Americas,2025,7,AMERICA MOVIL,832290.0,466720.0,365570.0,BZFBSO
2025,3,3,Rest of EMEA,2025,7,LUFTHANSA,440000.0,325500.0,114500.0,023-CDK
2025,4,2,Americas,2025,6,JOHNSON & JOHNSON,3960.0,2700.0,1260.0,W4G4Z
2025,3,2,Americas,2025,7,CANADA - CDN FED,5430.0,4720.0,710.0,RASNY
2025,4,2,Americas,2025,6,STATE OF GEORGIA,0.0,0.0,0.0,Unassigned
2025,3,2,UKI,2025,6,FINASTRA,3520.0,36820.0,-33300.0,UKAHYMC
2025,4,2,UKI,2025,6,BROADRIDGE FINANCIAL SOLUTIONS,420.0,0.0,420.0,UKAHKGT
2025,4,3,Rest of EMEA,2025,6,ARCHER LIMITED,81330.0,85590.0,-4260.0,01X-M2P
2025,3,2,Americas,2025,7,CENOVUS ENERGY,0.0,6620.0,-6620.0,RAQ8N
2025,4,3,Rest of EMEA,2025,6,FORVIA,23320.0,19360.0,3960.0,Unassigned
2025,4,1,APAC,2025,7,BANK OF PHILIPPINE ISLANDS,0.0,0.0,0.0,PHC7581
2025,3,1,Rest of EMEA,2025,6,DEU DEFENSE 3,29110.0,17510.0,11600.0,02C-6T2
2025,3,1,Americas,2025,6,ALLSTATE INSURANCE COMPANY,43000.0,24500.0,18500.0,WDL3W
2025,4,2,Americas,2025,6,PROGRESSIVE CORP,26850.0,26030.0,820.0,WK52X
2025,3,2,Americas,2025,7,NATIONAL GRID TRANSCO PLC,0.0,166130.0,-166130.0,WMN3Z
2025,3,1,APAC,2025,7,"ZHUHAI PRIDA INVESTMENT CO., LTD",17050.0,0.0,17050.0,01X-M55
2025,3,3,Rest of EMEA,2025,7,AVIATION SERVICES COMPANY,49630.0,69730.0,-20100.0,SAC1CSF
2025,4,3,Rest of EMEA,2025,6,THE CARLSBERG GROUP,41720.0,29620.0,12100.0,02F-T2Y
2025,3,3,Americas,2025,6,CEMEX,2950.0,9470.0,-6520.0,MXA21K
2025,4,3,Rest of EMEA,2025,6,CAIXABANK SA,465120.0,372080.0,93040.0,Unassigned
2025,3,1,APAC,2025,7,"DAIKIN INDUSTRIES,LTD.",83610.0,89370.0,-5760.0,IDC5805
2025,3,2,Rest of EMEA,2025,6,THE BANQUE CANTONALE VAUDOISE,29830.0,14210.0,15620.0,01X-57L
2025,3,3,Rest of EMEA,2025,6,"W. L. GORE & ASSOCIATES, INC.",52990.0,42390.0,10600.0,Unassigned
2025,3,1,Americas,2025,6,"COMMUNITY MEDICAL WELLNESS CENTERS, USA",110.0,80.0,30.0,Unassigned
2025,3,1,Americas,2025,7,TELEFONICA,18010.0,23560.0,-5550.0,URAJB5
2025,3,1,Rest of EMEA,2025,6,AVOLTA,700.0,400.0,300.0,020-D72
2025,4,3,APAC,2025,7,"CENCORA, INC",-263250.0,-256910.0,-6340.0,INI7071
2025,3,3,Rest of EMEA,2025,6,AVIATION SERVICES COMPANY,184800.0,142500.0,42300.0,SAC1CPA
2025,4,2,Americas,2025,6,SAP GMBH,100.0,40.0,60.0,WDG6Z
2025,3,3,Rest of EMEA,2025,6,HELIOS,24020.0,15300.0,8720.0,SI04285
2025,3,2,Rest of EMEA,2025,6,BANK OF PIREAUS,5000.0,0.0,5000.0,028-JD7
2025,3,3,Americas,2025,7,AXILLON AEROSPACE,50000.0,38500.0,11500.0,Unassigned
2025,4,1,Rest of EMEA,2025,6,UCB,500.0,0.0,500.0,01X-5N1
2025,4,3,Rest of EMEA,2025,6,FÖRSÄKRINGSKASSAN,15570.0,10280.0,5290.0,02C-4LM
2025,4,2,UKI,2025,6,GLANBIA PUBLIC LIMITED COMPANY,83310.0,65810.0,17500.0,Unassigned
2025,4,1,UKI,2025,6,AVNET INC,8260.0,0.0,8260.0,UKAGOUL
2025,4,2,APAC,2025,7,HEARTLAND A/S,14020.0,2870.0,11150.0,INI5124
2025,3,3,Rest of EMEA,2025,6,REPUBLIKA HRVATSKA,120.0,0.0,120.0,HR03405
2025,4,2,Americas,2025,7,DOOSAN,4410.0,3200.0,1210.0,WPH8Z
2025,3,3,Rest of EMEA,2025,7,NATIONAL EXPRESS GROUP PLC,3070.0,2300.0,770.0,Unassigned
2025,4,1,UKI,2025,6,HOME OFFICE UK,120540.0,87350.0,33190.0,UKAIADE
2025,3,2,Americas,2025,6,THE WESTERN RESERVE MUTUAL CASUALTY CO,89090.0,75200.0,13890.0,W2T0Z
2025,4,1,Americas,2025,7,NIKE,539310.0,474500.0,64810.0,WFLNW
2025,3,2,Americas,2025,6,KROGER / FRED MEYER,55970.0,43210.0,12760.0,WR18Y
2025,3,1,Americas,2025,6,VALE,16490.0,15300.0,1190.0,BZFD9O
2025,3,2,Americas,2025,6,GRUPO SUPERVIELLE S.A.,28140.0,19880.0,8260.0,ARCBD3
2025,3,3,Americas,2025,7,TWITTER INC,0.0,27120.0,-27120.0,QTW40
2025,4,2,Americas,2025,6,CATERPILLAR INC.,14140.0,9450.0,4690.0,W27LZ
2025,3,1,Rest of EMEA,2025,6,VODAFONE,13160.0,7150.0,6010.0,ZCAAN5W
2025,3,3,Rest of EMEA,2025,6,OMV,28000.0,20000.0,8000.0,02D-L38
2025,3,1,Americas,2025,7,"WORLD MARKET, LLC",0.0,2050.0,-2050.0,W8JJY
2025,3,3,Rest of EMEA,2025,7,GENUINE PARTS COMPANY,18330.0,15210.0,3120.0,Unassigned
2025,3,2,Rest of EMEA,2025,6,ARCHER DANIELS MIDLAND CO,19960.0,12330.0,7630.0,02J-X24
2025,3,2,Americas,2025,6,AIR CANADA / AIMIA,11240.0,5420.0,5820.0,RAR60
2025,3,2,Americas,2025,7,BANCO BRADESCO,3100.0,1540.0,1560.0,BZFEA1
2025,4,3,APAC,2025,7,RELAXO FOOTWEARS LIMITED,30020.0,20580.0,9440.0,INI3902
2025,3,2,UKI,2025,7,BT GROUP PLC,0.0,0.0,0.0,UKAGQES
2025,4,2,Americas,2025,6,CANADIAN IMPERIAL BANK OF COMMERCE CIBC,0.0,0.0,0.0,P9WR0
2025,3,1,Americas,2025,6,KEY EQUIPMENT FINANCE,0.0,0.0,0.0,Unassigned
2025,3,3,Rest of EMEA,2025,6,AOK BUNDESVERBAND,9970.0,16300.0,-6330.0,01T-GLP
2025,4,3,Americas,2025,7,VANCOUVER INTERNATIONAL AIRPORT AUTHORITY,31080.0,20410.0,10670.0,RAP9X
2025,3,1,Americas,2025,6,ONTARIO TRANSPORTATION,3570.0,2030.0,1540.0,RALVZ
2025,3,1,Americas,2025,6,NATURGY,16190.0,33550.0,-17360.0,LOBMIB
2025,3,3,Rest of EMEA,2025,6,MORGENFUND GMBH,450.0,400.0,50.0,01S-DYB
2025,4,2,Americas,2025,7,"ELEVANCE HEALTH, INC.",184800.0,143810.0,40990.0,WJJ0Z
2025,4,3,Rest of EMEA,2025,6,INDENRIGS- OG SUNDHEDSMINISTERIET,2280.0,1240.0,1040.0,787BR4Z
2025,4,2,Rest of EMEA,2025,6,CANTIERI NAVALI ITALIANI SPA,1580.0,0.0,1580.0,IY77115
2025,4,2,UKI,2025,6,JOHNSON MATTHEY PLC,754970.0,596420.0,158550.0,Unassigned
2025,3,1,Americas,2025,7,ITAU UNIBANCO,5420.0,3740.0,1680.0,BZFDY9
2025,3,1,APAC,2025,7,BANK OF INDIA,470.0,380.0,90.0,INI4740
2025,3,3,Americas,2025,6,THE KRAFT HEINZ COMPANY,3460.0,2180.0,1280.0,W7L5Y
2025,3,1,Rest of EMEA,2025,6,KYNDRYL,84080.0,71940.0,12140.0,Unassigned
2025,3,1,Rest of EMEA,2025,7,DEPA GROUP,4000.0,1000.0,3000.0,021-FMB
2025,4,3,Rest of EMEA,2025,6,DEU DEFENSE 3,177200.0,164290.0,12910.0,023-143
2025,3,1,Americas,2025,7,LIVERPOOL,0.0,0.0,0.0,Unassigned
2025,3,3,Americas,2025,7,VALE,410.0,0.0,410.0,BZFCEQ
2025,4,1,Americas,2025,6,BLUE CROSS BLUE SHIELD OF MI,936050.0,763880.0,172170.0,WAM5V
2025,3,1,Americas,2025,7,PACIFIC GAS & ELECTRIC,0.0,0.0,0.0,Unassigned
